Time,Des_Pos_X,Des_Pos_Y,Des_Pos_Z,X,Y,Z,Alpha,Beta
0,1,-1,-3,1,-1,-2,0,0
0.02,0.999301621923039,-1,-3.00305665255852,0.999999407773088,-1,-2.0030568960111,0,0.000697785906674776
0.04,0.997475358191538,-1,-3.01167147102552,0.999991411746105,-1,-2.01167463629328,0,0.00251605620923138
0.06,0.994802284977443,-1,-3.02508082045631,0.999960937679343,-1,-2.02509412639368,0,0.00515867558225868
0.08,0.991453154391815,-1,-3.04260626298021,0.999888453606911,-1,-2.04264184074952,0,0.00843539925289649
0.1,0.987530061637496,-1,-3.06364681757474,0.999752375227347,-1,-2.06372151283918,0,0.0122226179152583
0.12,0.983106997089358,-1,-3.0876686251674,0.999530870355988,-1,-2.08780350607036,0,0.016424611728757
0.14,0.978230938745794,-1,-3.11420112541562,0.999202084774415,-1,-2.11442104408061,0,0.0209726834793468
0.16,0.972947623317131,-1,-3.14282667487303,0.998745091009717,-1,-2.14315948492397,0,0.0258003299591377
0.18,0.967299027030642,-1,-3.17317717232857,0.998139831618632,-1,-2.17365286308324,0,0.0308456957472103
0.2,0.961318647154614,-1,-3.20493073976958,0.997366924381974,-1,-2.20558069013285,0,0.0360560891219609
0.22,0.955057341995884,-1,-3.23780124886697,0.996408576697536,-1,-2.23865657696573,0,0.0413630283610493
0.24,0.948559479554603,-1,-3.27153955726612,0.99524783141307,-1,-2.27263005295618,0,0.0467053304135401
0.26,0.941853299336141,-1,-3.30592960462284,0.993868345633877,-1,-2.3072833033937,0,0.0520385299155384
0.28,0.934993341515598,-1,-3.34078101992221,0.992255463537335,-1,-2.34242184137896,0,0.0572934615645639
0.3,0.928023032439521,-1,-3.37592911997852,0.990395361026126,-1,-2.37787616916545,0,0.0624128408039602
0.32,0.920961192027774,-1,-3.41123191743597,0.988274738255925,-1,-2.41350004639336,0,0.0673644843793402
0.34,0.913849887875956,-1,-3.44656625104465,0.98588177031466,-1,-2.44916392103317,0,0.07209431900577
0.36,0.906711973423025,-1,-3.48182610206851,0.983205316280741,-1,-2.48475600999952,0,0.0765681366712908
0.38,0.89955627565404,-1,-3.51692018201356,0.980234959777427,-1,-2.5201800203224,0,0.0807664650831547
0.4,0.892407016539951,-1,-3.55177055635013,0.976961475334518,-1,-2.55535169688492,0,0.0846555374000018
0.42,0.885262333249438,-1,-3.58631004488332,0.973376153563263,-1,-2.59019963199241,0,0.0882282404790508
0.44,0.87812238271055,-1,-3.62048144875736,0.96947116624613,-1,-2.62466248943464,0,0.0914763078280488
0.46,0.870990230240971,-1,-3.65423642207681,0.965239556420095,-1,-2.65868779718962,0,0.0943894220268719
0.48,0.863849838024947,-1,-3.68753341720451,0.960674898123385,-1,-2.6922320016841,0,0.0969769925920874
0.5,0.85669424374975,-1,-3.7203379138656,0.95577161867089,-1,-2.725258181493,0,0.0992401911394705
0.52,0.849510401950085,-1,-3.75262093762338,0.950524786592761,-1,-2.75773597236596,0,0.101186968498969
0.54,0.842278652823014,-1,-3.78435828899014,0.944930063619962,-1,-2.78964089803862,0,0.102832549365668
0.56,0.834986446544285,-1,-3.81553057883255,0.938983828029211,-1,-2.82095300787879,0,0.104185762949736
0.58,0.827614424694422,-1,-3.84612203817918,0.932682999914668,-1,-2.8516570591572,0,0.105262857687375
0.6,0.820143774034666,-1,-3.87612039030858,0.926025082461237,-1,-2.88174161512989,0,0.106080149804334
0.62,0.812559459818795,-1,-3.90551654853239,0.919008166711881,-1,-2.91119835358633,0,0.106650773141768
0.64,0.804842831573544,-1,-3.93430403383138,0.911630845029311,-1,-2.94002222258158,0,0.106992024834748
0.66,0.796977491136618,-1,-3.96247880638364,0.903892229665375,-1,-2.96821061384939,0,0.107119479585775
0.68,0.788948967189746,-1,-3.99003892649079,0.895791926959534,-1,-2.99576301812952,0,0.107047287313142
0.7,0.780742243811171,-1,-4.01698443437576,0.887330010440908,-1,-3.02268113658133,0,0.106790628551088
0.72,0.772344047255611,-1,-4.04331696879973,0.878506999519708,-1,-3.04896822335547,0,0.10636339004989
0.74,0.763741898390578,-1,-4.06903942522143,0.869323826548895,-1,-3.07462881765211,0,0.105779081960157
0.76,0.754925278385281,-1,-4.0941564066124,0.859781869748151,-1,-3.09966905362707,0,0.105049696363031
0.78,0.745885047468675,-1,-4.11867362408457,0.84988289640022,-1,-3.12409610200918,0,0.104186232944882
0.8,0.736611682833489,-1,-4.14259731983182,0.839629007870146,-1,-3.14791775799178,0,0.103200413843463
0.82,0.727095896115777,-1,-4.16593441696808,0.82902264851979,-1,-3.17114251051509,0,0.102104069873932
0.84,0.71733264502463,-1,-4.18869325564269,0.81806666523013,-1,-3.19377986384758,0,0.100905166642689
0.86,0.70731776022314,-1,-4.21088270916094,0.806764221273225,-1,-3.21583979481774,0,0.099611109108092
0.88,0.697045481511911,-1,-4.23251171037567,0.795118737836524,-1,-3.23733251224405,0,0.0982311580976464
0.9,0.6865095281358,-1,-4.25358940239094,0.783133907145109,-1,-3.2582684846056,0,0.0967753661106679
0.92,0.675708726533235,-1,-4.27412592439508,0.770813762275248,-1,-3.27865868124917,0,0.0952489927856402
0.94,0.664642256682108,-1,-4.29413162817859,0.758162591869691,-1,-3.29851425844943,0,0.0936571968272245
0.96,0.653307753052882,-1,-4.3136167425968,0.745184889641584,-1,-3.31784639167634,0,0.092006892158873
0.98,0.641702379416138,-1,-4.33259150312351,0.73188536516057,-1,-3.3366662905286,0,0.0903056779103575
1,0.629827486478413,-1,-4.35106671826339,0.718269000275374,-1,-3.35498534676942,0,0.0885572183242054
1.02,0.617684656734779,-1,-4.36905321756765,0.704340977941118,-1,-3.37281495189273,0,0.0867651443220707
1.04,0.605274026990196,-1,-4.38656160367554,0.690106637645803,-1,-3.39016638682163,0,0.0849346922519659
1.06,0.592594988984432,-1,-4.40360232936099,0.675571481997885,-1,-3.40705082461716,0,0.0830720061245613
1.08,0.579650624102207,-1,-4.42018618365901,0.660741229209447,-1,-3.42347944957754,0,0.0811797401785323
1.1,0.566444635554248,-1,-4.43632391661315,0.645621760181215,-1,-3.43946335317621,0,0.0792600860037826
1.12,0.552979315889933,-1,-4.45202599546471,0.630219067043415,-1,-3.45501344747861,0,0.0773167598686585
1.14,0.539255709380444,-1,-4.46730262098295,0.614539254269907,-1,-3.47014045369576,0,0.075354839860785
1.16,0.525277231227681,-1,-4.48216408399688,0.598588577638184,-1,-3.48485498121707,0,0.0733771750372699
1.18,0.511049383377292,-1,-4.49662071471402,0.58237343926936,-1,-3.4991675182927,0,0.0713846670960935
1.2,0.496576393413166,-1,-4.51068255128642,0.565900315443877,-1,-3.51308834829891,0,0.0693795686790497
1.22,0.481861171940778,-1,-4.52435933736623,0.549175751949136,-1,-3.52662753606976,0,0.0673655205096611
1.24,0.466906451747829,-1,-4.53766062332103,0.532206374741357,-1,-3.53979494094838,0,0.0653464196169455
1.26,0.451718504806546,-1,-4.55059607273223,0.514998934619855,-1,-3.55260028756947,0,0.0633227395931875
1.28,0.436303281646018,-1,-4.56317512674604,0.497560244666079,-1,-3.56505309789308,0,0.0612953381182421
1.3,0.42066548649247,-1,-4.57540694169064,0.479897149946096,-1,-3.57716267797332,0,0.0592663528772436
1.32,0.404808602027042,-1,-4.58730039147309,0.462016528178733,-1,-3.58893810593471,0,0.0572391767071029
1.34,0.388737164139082,-1,-4.59886423984993,0.443925311738339,-1,-3.60038826699702,0,0.0552162007799046
1.36,0.372458426994619,-1,-4.61010723844886,0.425630511003908,-1,-3.6115218743051,0,0.0531971712511182
1.38,0.355978666628823,-1,-4.62103787855877,0.407139147038616,-1,-3.62234743340359,0,0.0511828245996025
1.4,0.339303009889164,-1,-4.631664392455,0.388458240425572,-1,-3.6328732414575,0,0.0491750472026828
1.42,0.322435472811855,-1,-4.64199475619024,0.369594811999684,-1,-3.64310737678886,0,0.047176837126236
1.44,0.305381552835941,-1,-4.65203685243143,0.350555908829148,-1,-3.65305773475149,0,0.045189734840506
1.46,0.288148874309627,-1,-4.6617984835863,0.331348615238163,-1,-3.66273202814717,0,0.0432131889114443
1.48,0.270744012569031,-1,-4.67128721250281,0.311979993473802,-1,-3.67213777729363,0,0.0412476761750596
1.5,0.253172457212535,-1,-4.68051037237548,0.292457077321424,-1,-3.68128231100866,0,0.0392947316698108
1.52,0.235438629499393,-1,-4.68947506783194,0.272786872581814,-1,-3.69017275684759,0,0.0373569313267976
1.54,0.217548142134376,-1,-4.69818829094868,0.252976379691739,-1,-3.69881606800891,0,0.0354356530977936
1.56,0.19950880343589,-1,-4.70665694329145,0.233032608923506,-1,-3.70721902402601,0,0.0335300879285389
1.58,0.181327435361203,-1,-4.71488771455877,0.212962525425841,-1,-3.71538822927796,0,0.0316403690642794
1.6,0.163009826106017,-1,-4.72288709549553,0.192773042515118,-1,-3.72333011815557,0,0.0297676124478969
1.62,0.144560730104461,-1,-4.73066137789292,0.172471021939937,-1,-3.73105094596974,0,0.0279139167199095
1.64,0.125985293120056,-1,-4.7382167129251,0.152063288098438,-1,-3.73855680166632,0,0.0260809516580947
1.66,0.107291288994862,-1,-4.74555917274545,0.131556656025417,-1,-3.74585362011364,0,0.0242677489355819
1.68,0.0884857094392363,-1,-4.75269464356762,0.110957880926286,-1,-3.75294717469928,0,0.0224740633191151
1.7,0.069574565342346,-1,-4.75962884240933,0.0902736475186625,-1,-3.75984309136211,0,0.0207005605552403
1.72,0.0505628885452188,-1,-4.76636731719073,0.0695105702186873,-1,-3.76654684062546,0,0.0189488156058607
1.74,0.0314553036905217,-1,-4.77291546477853,0.0486751988877848,-1,-3.77306373816633,0,0.0172207463318098
1.76,0.0122590215760133,-1,-4.77927859962689,0.0277740534252048,-1,-3.77939896497744,0,0.0155156543699127
1.78,-0.00701885167995522,-1,-4.78546188084632,0.00681358894040236,-1,-3.78555755362972,0,0.013832881766605
1.8,-0.0263721757656102,-1,-4.79147032305141,-0.0141998242026495,-1,-3.79154440886705,0,0.0121726521714003
1.82,-0.0457957236154234,-1,-4.79730879928874,-0.0352599001074943,-1,-3.79736430261755,0,0.0105360184366823
1.84,-0.0652850842397382,-1,-4.8029820434123,-0.0563604363374087,-1,-3.80302186887542,0,0.00892476638029549
1.86,-0.0848341875763476,-1,-4.80849469066405,-0.0774952863669533,-1,-3.80852162076214,0,0.0073389670892138
1.88,-0.104435930412592,-1,-4.81385124890678,-0.0986583662201701,-1,-3.81386793917006,0,0.00577759633565854
1.9,-0.124084146278436,-1,-4.81905610015812,-0.119843686046123,-1,-3.81906509095003,0,0.00424047294072399
1.92,-0.143773507240312,-1,-4.82411350916542,-0.141045350513391,-1,-3.82411723059191,0,0.00272816011113714
1.94,-0.163499523901117,-1,-4.82902762340584,-0.162257558781143,-1,-3.82902839464482,0,0.00124196543925767
1.96,-0.183257463377099,-1,-4.83380248366051,-0.18347459259305,-1,-3.83380250723306,0,-0.000217129217656935
1.98,-0.203040541758859,-1,-4.83844202064028,-0.204690794634434,-1,-3.83844338230848,0,-0.0016502536246077
2,-0.222842660540955,-1,-4.84295005025092,-0.225900604522435,-1,-3.84295472577255,0,-0.00305794874731598
2.02,-0.242658487569513,-1,-4.84733029182887,-0.247098562934083,-1,-3.84734014901208,0,-0.00444008995350638
2.04,-0.262483452875229,-1,-4.85158636823208,-0.268279311567195,-1,-3.85160316436212,0,-0.00579589114151661
2.06,-0.282313557752047,-1,-4.8557218066054,-0.28943759102725,-1,-3.85574718285243,0,-0.00712409353622458
2.08,-0.30214313126717,-1,-4.85974003143414,-0.310568214801524,-1,-3.85977552308025,0,-0.00842518320912979
2.1,-0.321966151945199,-1,-4.86364435724922,-0.331666085472906,-1,-3.86369140271108,0,-0.00970008564318696
2.12,-0.341777372528967,-1,-4.8674380166598,-0.352726210834031,-1,-3.86749795698634,0,-0.01094905706929
2.14,-0.361572234772089,-1,-4.87112416325938,-0.373743703193289,-1,-3.8711982383247,0,-0.0121717689642116
2.16,-0.381346869438964,-1,-4.87470587162574,-0.394713779403719,-1,-3.87479521275767,0,-0.0133673080506035
2.18,-0.401097111428559,-1,-4.87818613014695,-0.415631749321301,-1,-3.8782917635755,0,-0.0145351496955787
2.2,-0.4208172477506,-1,-4.88156781639031,-0.436493001447639,-1,-3.88169068856608,0,-0.0156763957665835
2.22,-0.440502196562382,-1,-4.8848537306435,-0.457293029582354,-1,-3.88499470661736,0,-0.0167916220991481
2.24,-0.460147495970447,-1,-4.88804660863434,-0.4780274329608,-1,-3.88820646748515,0,-0.0178808898066723
2.26,-0.479749303077184,-1,-4.89114912153322,-0.498691916277409,-1,-3.89132854892774,0,-0.0189437462227874
2.28,-0.499304272970273,-1,-4.89416387458647,-0.51928228823015,-1,-3.89436345504952,0,-0.0199793444398346
2.3,-0.51880781335372,-1,-4.89709337651647,-0.539794440866827,-1,-3.89731362003726,0,-0.0209881683717645
2.32,-0.538255005676371,-1,-4.89994004699014,-0.560224361442936,-1,-3.90018140241276,0,-0.0219711234116003
2.34,-0.557641564340952,-1,-4.90270625158986,-0.580568142559911,-1,-3.90296910012895,0,-0.0229285871693773
2.36,-0.576963753679756,-1,-4.90539430310414,-0.600821981006092,-1,-3.90567895112197,0,-0.0238604913164863
2.38,-0.596218387954641,-1,-4.90800646152764,-0.620982177795355,-1,-3.90831313119442,0,-0.0247663215856735
2.4,-0.61540226191736,-1,-4.91054492243827,-0.641045131076766,-1,-3.91087375487302,0,-0.0256456802648629
2.42,-0.634510890291396,-1,-4.91301178099071,-0.661007322131288,-1,-3.91336287307365,0,-0.0264995331712533
2.44,-0.65354023085029,-1,-4.91540907684496,-0.680865334954239,-1,-3.91578247721602,0,-0.0273285056800179
2.46,-0.672486732139871,-1,-4.91773880635756,-0.700615854804785,-1,-3.91813450841857,0,-0.0281328335028802
2.48,-0.691347323747947,-1,-4.92000292247899,-0.720255668101298,-1,-3.92042085599983,0,-0.028912372282101
2.5,-0.710119384515196,-1,-4.92220333404575,-0.739781662010813,-1,-3.92264335620861,0,-0.0296666289480211
2.52,-0.728799590209341,-1,-4.92434187360673,-0.75919081027519,-1,-3.92480379342023,0,-0.0303959003661978
2.54,-0.747384145355023,-1,-4.92642029685418,-0.778480177749856,-1,-3.92690389540331,0,-0.031101046030064
2.56,-0.765869753198569,-1,-4.92844032264653,-0.797646927988641,-1,-3.92894534458893,0,-0.0317825252611083
2.58,-0.784253531107688,-1,-4.93040363383318,-0.816688321233911,-1,-3.93092978005337,0,-0.0324404798044245
2.6,-0.802533010571469,-1,-4.93231187725458,-0.835601714445215,-1,-3.9328587964028,0,-0.0330747338287111
2.62,-0.820705913762261,-1,-4.9341666570982,-0.854384558264727,-1,-3.93473394355293,0,-0.0336850144275314
2.64,-0.838769049581608,-1,-4.93596949578429,-0.873034384558621,-1,-3.93655672479379,0,-0.0342720437524479
2.66,-0.85671940403637,-1,-4.93772186987886,-0.891548818997306,-1,-3.93832859801163,0,-0.0348364606661981
2.68,-0.874554345092919,-1,-4.93942522629628,-0.909925578999832,-1,-3.94005098417679,0,-0.0353786136969174
2.7,-0.892271592368526,-1,-4.94108098175957,-0.928162473173201,-1,-3.94172526697376,0,-0.0358985907796222
2.72,-0.909869216852164,-1,-4.94269052279232,-0.946257401328693,-1,-3.94335279207738,0,-0.0363962195307564
2.74,-0.927345080835559,-1,-4.9442551860641,-0.96420834699516,-1,-3.94493486724333,0,-0.0368716201869469
2.76,-0.944696491346521,-1,-4.94577624098701,-0.982013375627621,-1,-3.94647275848155,0,-0.0373255506499067
2.78,-0.961921117289001,-1,-4.94725492977501,-0.999670641087985,-1,-3.94796769706714,0,-0.0377584952321395
2.8,-0.979016922081869,-1,-4.94869246902575,-1.01717838214182,-1,-3.94942088283604,0,-0.0381707285387003
2.82,-0.995982163658925,-1,-4.9500900497206,-1.0345349224742,-1,-3.95083348367375,0,-0.0385623154671959
2.84,-1.01281534266566,-1,-4.95144883538595,-1.05173866987322,-1,-3.95220663521669,0,-0.0389331622190696
2.86,-1.02951447443885,-1,-4.95276993277677,-1.06878810743498,-1,-3.95354143951245,0,-0.039283736071494
2.88,-1.04607752137838,-1,-4.95405440685623,-1.0856818000705,-1,-3.9548389640666,0,-0.0396146392176951
2.9,-1.06250273527681,-1,-4.95530330143597,-1.10241839225901,-1,-3.95610024883471,0,-0.0399262639232189
2.92,-1.07878860962713,-1,-4.9565176382652,-1.11899660660487,-1,-3.95732630674804,0,-0.0402188387980976
2.94,-1.0949338796228,-1,-4.95769841703078,-1.13541524384746,-1,-3.9585181234148,0,-0.0404924287968501
2.96,-1.11093733030929,-1,-4.95884660772264,-1.15167317999055,-1,-3.95967665693812,0,-0.0407471243447913
2.98,-1.12679731802569,-1,-4.9599631286084,-1.16776936217857,-1,-3.96080283536315,0,-0.0409835161736398
3,-1.14251241175165,-1,-4.96104887522957,-1.18370281374391,-1,-3.9618975599706,0,-0.0412020585046499
3.02,-1.15808137964442,-1,-4.96210472399399,-1.19947262923881,-1,-3.96296170897711,0,-0.0414030775421509
3.04,-1.17350318180891,-1,-4.96313153194497,-1.21507797426966,-1,-3.96399613740034,0,-0.0415867785369351
3.06,-1.18877696237194,-1,-4.96413013645762,-1.23051808534244,-1,-3.96500167692243,0,-0.0417532535587693
3.08,-1.20390168909215,-1,-4.96510133967288,-1.2457922650216,-1,-3.96597913511115,0,-0.0419028373535863
3.1,-1.21887624093176,-1,-4.96604591050566,-1.26089988516802,-1,-3.96692929402634,0,-0.0420360229420269
3.12,-1.23369969023795,-1,-4.96696460144095,-1.27584038384542,-1,-3.96785291502031,0,-0.0421531760930572
3.14,-1.24837125479707,-1,-4.96785814762978,-1.29061326301719,-1,-3.96875073961924,0,-0.0422545810019002
3.16,-1.2628902978346,-1,-4.96872726688931,-1.30521808854974,-1,-3.96962348943015,0,-0.0423404402900361
3.18,-1.27725625464499,-1,-4.96957265660735,-1.3196544889314,-1,-3.97047186603145,0,-0.042410947156421
3.2,-1.29146838084083,-1,-4.97039498154049,-1.33392215345565,-1,-3.97129654935737,0,-0.0424665355359597
3.22,-1.30552606080782,-1,-4.97119488876322,-1.34802083393972,-1,-3.97209819962024,0,-0.0425075730869407
3.24,-1.31942879111737,-1,-4.97197300987137,-1.36195033935876,-1,-3.97287745991874,0,-0.0425343724198226
3.26,-1.33317617210887,-1,-4.97272996070325,-1.37571053556929,-1,-3.97363495624921,0,-0.0425471992435595
3.28,-1.34676790172957,-1,-4.97346634108994,-1.38930134516351,-1,-3.97437129746814,0,-0.0425462783837321
3.3,-1.36020362793705,-1,-4.97418272800448,-1.40272274565709,-1,-3.97508707461172,0,-0.042531939698317
3.32,-1.37348303696282,-1,-4.97487967914983,-1.41597477139606,-1,-3.97578286076592,0,-0.0425045316410939
3.34,-1.38660590941253,-1,-4.97555773839621,-1.42905750840126,-1,-3.97645921385356,0,-0.0424643599485289
3.36,-1.39957209482312,-1,-4.97621743513723,-1.4419710929734,-1,-3.97711667697725,0,-0.0424117117077897
3.38,-1.41238151105313,-1,-4.97685928428014,-1.45471571164294,-1,-3.97775577840078,0,-0.0423468559154122
3.4,-1.42503409500665,-1,-4.97748378449697,-1.4672915991571,-1,-3.97837703177083,0,-0.0422700907812127
3.42,-1.43752982871192,-1,-4.97809141743953,-1.47969904326431,-1,-3.97898093438772,0,-0.0421817224132352
3.44,-1.44986875881876,-1,-4.97868265159905,-1.49193837826302,-1,-3.97956796993342,0,-0.042082038844228
3.46,-1.46205097633198,-1,-4.97925794266611,-1.50400998174193,-1,-3.98013860952066,0,-0.0419713270523278
3.48,-1.47407661661133,-1,-4.97981773353061,-1.51591427458142,-1,-3.98069331166135,0,-0.0418498729610606
3.5,-1.48594585921515,-1,-4.9803624542806,-1.52765172093529,-1,-3.98123252224064,0,-0.0417179615760026
3.52,-1.49765890653613,-1,-4.980892521785,-1.53922282581861,-1,-3.98175667485833,0,-0.0415758959519804
3.54,-1.50921604842925,-1,-4.98140834021489,-1.55062814237352,-1,-3.98226618892953,0,-0.0414239397796657
3.56,-1.52061763172803,-1,-4.98191030250825,-1.56186826460043,-1,-3.98276147210928,0,-0.041262340620177
3.58,-1.53186402301559,-1,-4.98239879039656,-1.57294382209772,-1,-3.98324292162164,0,-0.0410913619001458
3.6,-1.54295560862459,-1,-4.98287417440482,-1.58385548006349,-1,-3.98371092422181,0,-0.0409112829117174
3.62,-1.55389279463729,-1,-4.98333681385153,-1.59460393929728,-1,-3.98416585615686,0,-0.0407223988125501
3.64,-1.56467600590857,-1,-4.98378705682003,-1.60518993614764,-1,-3.98460808313385,0,-0.0405250215492656
3.66,-1.57530568091959,-1,-4.98422524016886,-1.6156142412811,-1,-3.98503796044519,0,-0.0403194837741
3.68,-1.58578247691381,-1,-4.98465169647954,-1.62587766741693,-1,-3.98545583194721,0,-0.040105941282823
3.7,-1.59610709199972,-1,-4.98506674931717,-1.63598105936324,-1,-3.98586203219125,0,-0.0398845410883639
3.72,-1.60628018047981,-1,-4.98547071075228,-1.6459252896002,-1,-3.98625688712751,0,-0.0396555017380292
3.74,-1.6163023528506,-1,-4.98586388136083,-1.65571125828398,-1,-3.98664071400904,0,-0.0394191133135033
3.76,-1.62617417580258,-1,-4.98624655022424,-1.66533989325091,-1,-3.98701382128831,0,-0.0391757374308479
3.78,-1.63589617015634,-1,-4.98661899487642,-1.67481214994513,-1,-3.98737650853135,0,-0.0389258092292512
3.8,-1.64546895356055,-1,-4.98698148742746,-1.68412901290068,-1,-3.98772906695913,0,-0.0386696960448887
3.82,-1.65489366805887,-1,-4.98733430988981,-1.69329150390699,-1,-3.98807177871886,0,-0.0384072777024145
3.84,-1.66417139944349,-1,-4.98767773355281,-1.70230066801803,-1,-3.98840491851281,0,-0.0381385136072755
3.86,-1.67330303131208,-1,-4.98801201409007,-1.71115756979054,-1,-3.98872875398982,0,-0.0378635850248298
3.88,-1.68228924506779,-1,-4.98833739155945,-1.71986329329591,-1,-3.98904354543622,0,-0.037582895080347
3.9,-1.69113051991928,-1,-4.98865409040312,-1.72841894213248,-1,-3.98934954544756,0,-0.0372970687590081
3.92,-1.69982735559146,-1,-4.98896232806444,-1.7368256421397,-1,-3.98964699905538,0,-0.0370067327459389
3.94,-1.70838123306486,-1,-4.9892623512241,-1.7450845540125,-1,-3.98993614510749,0,-0.0367115666610984
3.96,-1.71679349077084,-1,-4.98955439330924,-1.75319685686937,-1,-3.99021721550752,0,-0.0364114112179405
3.98,-1.72506515358009,-1,-4.98983866960756,-1.76116374323426,-1,-3.99049043609485,0,-0.0361064343163611
4,-1.73319695862832,-1,-4.99011537831937,-1.76898641928579,-1,-3.99075602628136,0,-0.0357971054315598
4.02,-1.74118943740583,-1,-4.99038470357842,-1.77666610580089,-1,-3.99101419871069,0,-0.0354841144000123
4.04,-1.74904390067436,-1,-4.99064685139627,-1.78420405017258,-1,-3.99126516060578,0,-0.0351673979057008
4.06,-1.7567616708384,-1,-4.99090202168013,-1.79160151663357,-1,-3.99150911338781,0,-0.0348468978348565
4.08,-1.76434384109251,-1,-4.99115040039557,-1.79885978018531,-1,-3.99174625294143,0,-0.0345227961972171
4.1,-1.7717913771786,-1,-4.99139216339536,-1.80598012748655,-1,-3.99197676960138,0,-0.0341954141848064
4.12,-1.77910521899227,-1,-4.99162748007727,-1.81296385775074,-1,-3.99220084816203,0,-0.0338651113972541
4.14,-1.78628663789496,-1,-4.9918565258748,-1.81981228784318,-1,-3.99241866847917,0,-0.0335319334265097
4.16,-1.79333685940868,-1,-4.99207946920674,-1.82652674672086,-1,-3.99263040528192,0,-0.0331959838244651
4.18,-1.80025704776639,-1,-4.99229647159427,-1.83310857208209,-1,-3.99283622858801,0,-0.0328574362054482
4.2,-1.8070483131767,-1,-4.99250768793683,-1.83955911036343,-1,-3.99303630362096,0,-0.0325165269707311
4.22,-1.81371172011444,-1,-4.9927132668681,-1.84587971654732,-1,-3.99323079078086,0,-0.0321735468176712
4.24,-1.82024847499007,-1,-4.99291335730541,-1.85207175630455,-1,-3.99341984618771,0,-0.0318286551159272
4.26,-1.82665992119375,-1,-4.9931081076949,-1.85813660856213,-1,-3.99360362138565,0,-0.0314818874422604
4.28,-1.83294734712113,-1,-4.99329766063761,-1.86407565762645,-1,-3.99378226391524,0,-0.0311333397739737
4.3,-1.83911197775512,-1,-4.99348215277239,-1.86989029232555,-1,-3.99395591732271,0,-0.0307831760498364
4.32,-1.8451549746658,-1,-4.99366171477593,-1.87558190601275,-1,-3.99412472103892,0,-0.0304316281700839
4.34,-1.85107743601048,-1,-4.99383647136272,-1.88115189657018,-1,-3.99428881025693,0,-0.0300789959964176
4.36,-1.85688042452258,-1,-4.99400654289316,-1.88660166611767,-1,-3.99444831657613,0,-0.0297256190560944
4.38,-1.86256543130397,-1,-4.99417205877811,-1.89193262938511,-1,-3.99460336795348,0,-0.0293714209236938
4.4,-1.86813403014457,-1,-4.99433314689232,-1.89714620643555,-1,-3.99475408867488,0,-0.0290162477889361
4.42,-1.87358761208921,-1,-4.99448992666602,-1.90224381653256,-1,-3.99490060001887,0,-0.0286601278677029
4.44,-1.8789273853537,-1,-4.99464250908313,-1.90722687814741,-1,-3.99504301993379,0,-0.0283032714837161
4.46,-1.88415437532485,-1,-4.99479099668122,-1.91209680896821,-1,-3.99518146271203,0,-0.0279460710685385
4.48,-1.88926942589536,-1,-4.99493548359971,-1.91685502592326,-1,-3.99531603867524,0,-0.027589099840693
4.5,-1.89427370686477,-1,-4.99507607107464,-1.92150295167736,-1,-3.99544685570179,0,-0.0272326107069375
4.52,-1.89916918935627,-1,-4.99521287916913,-1.92604202088031,-1,-3.99557401891715,0,-0.0268760669406119
4.54,-1.90395757061235,-1,-4.99534601712657,-1.93047366410639,-1,-3.99569763054966,0,-0.0265192017360029
4.56,-1.9086401524012,-1,-4.99547558111607,-1.93479930566892,-1,-3.99581779031948,0,-0.0261621376439038
4.58,-1.91321784101675,-1,-4.99560165423248,-1.93902036363859,-1,-3.99593459474399,0,-0.0258053865716146
4.6,-1.91769120709712,-1,-4.99572430811621,-1.94313825056668,-1,-3.99604813655931,0,-0.0254497906508944
4.62,-1.92206188853909,-1,-4.99584364049968,-1.94715439043643,-1,-3.99615850689584,0,-0.0250951358242976
4.64,-1.9263317331053,-1,-4.99595975176869,-1.95107020810762,-1,-3.99626579467254,0,-0.0247409989895392
4.66,-1.93050211657101,-1,-4.99607272781068,-1.95488711936493,-1,-3.99637008620231,0,-0.0243874201098477
4.68,-1.93457414960954,-1,-4.99618264578568,-1.95860653315972,-1,-3.99647146522356,0,-0.0240346974906802
4.7,-1.93854879502498,-1,-4.99628957708374,-1.96222985295056,-1,-3.99657001265803,0,-0.0236832718442833
4.72,-1.94242758528652,-1,-4.99639360521036,-1.96575848543626,-1,-3.99666580770836,0,-0.0233330172900314
4.74,-1.94621196201633,-1,-4.99649480925948,-1.96919383232766,-1,-3.99675892732016,0,-0.0229838938341194
4.76,-1.94990322858697,-1,-4.99659326316603,-1.97253728830023,-1,-3.99684944631048,0,-0.0226359927328796
4.78,-1.95350258993992,-1,-4.99668903673292,-1.97579024137748,-1,-3.99693743728763,0,-0.0222894970426056
4.8,-1.9570112281641,-1,-4.99678219748622,-1.97895407358154,-1,-3.9970229707046,0,-0.0219446066702418
4.82,-1.96043054275555,-1,-4.99687281620424,-1.98203016453465,-1,-3.99710611524897,0,-0.0216013016595792
4.84,-1.96376190562039,-1,-4.99696096119956,-1.9850198879923,-1,-3.99718693763949,0,-0.0212595837843897
4.86,-1.96700662275417,-1,-4.99704669780235,-1.98792460967324,-1,-3.99726550282854,0,-0.020919512706171
4.88,-1.9701659360419,-1,-4.99713008841012,-1.99074568725323,-1,-3.99734187391663,0,-0.0205812041654288
4.9,-1.97324102325806,-1,-4.99721119248767,-1.99348447036689,-1,-3.99741611205911,0,-0.020244829981677
4.92,-1.97623303581854,-1,-4.99729006771013,-1.99614230069105,-1,-3.99748827676742,0,-0.0199105803756756
4.94,-1.97914337837747,-1,-4.9973667754009,-1.99872051676974,-1,-3.99755842593968,0,-0.0195783891445345
4.96,-1.9819734864994,-1,-4.99744137584498,-2.00122045006638,-1,-3.99762661580517,0,-0.0192481520906306
4.98,-1.9847246834776,-1,-4.9975139259082,-2.00364342170577,-1,-3.99769290125236,0,-0.0189198669715411
5,-1.98739818026789,-1,-4.99758447903654,-2.0059907424754,-1,-3.99775733566097,0,-0.0185936335641038
5.02,-1.98999507548866,-1,-4.99765308525611,-2.00826371282846,-1,-3.99781997073662,0,-0.018269653664417
5.04,-1.99251635671017,-1,-4.99771979119982,-2.01046362290376,-1,-3.99788085635273,0,-0.0179482298154009
5.06,-1.9949632639354,-1,-4.99778464730298,-2.01259175739411,-1,-3.99794004126743,0,-0.01762940663597
5.08,-1.99733733989186,-1,-4.99784770829137,-2.01464939600224,-1,-3.99799757316449,0,-0.0173129209852542
5.1,-1.99963990563183,-1,-4.99790902355835,-2.01663780578519,-1,-3.99805349829964,0,-0.0169987187897529
5.12,-2.00187211392792,-1,-4.99796863854645,-2.01855824175104,-1,-3.99810786166886,0,-0.0166869022311826
5.14,-2.00403494927312,-1,-4.99802659474736,-2.02041194686292,-1,-3.9981607067654,0,-0.0163777297464765
5.16,-2.00612950885054,-1,-4.99808293465351,-2.02220015536374,-1,-3.99821207583191,0,-0.0160713383430187
5.18,-2.00815719458006,-1,-4.99813770489266,-2.02392409535534,-1,-3.99826201019859,0,-0.0157675541109067
5.2,-2.01011924459497,-1,-4.99819094829029,-2.02558498250228,-1,-3.99831054996708,0,-0.0154663545128705
5.22,-2.01201680435731,-1,-4.99824270531776,-2.02718402050999,-1,-3.99835773415648,0,-0.0151677977351918
5.24,-2.01385092666773,-1,-4.99829301409249,-2.0287224011268,-1,-3.99840360058347,0,-0.0148720226780493
5.26,-2.01562266434481,-1,-4.99834191193922,-2.03020130515901,-1,-3.99844818597029,0,-0.0145791572797946
5.28,-2.01733327691932,-1,-4.99838943846135,-2.03162190537864,-1,-3.99849152612392,0,-0.0142891147100697
5.3,-2.01898397962917,-1,-4.99843563162622,-2.03298536307734,-1,-3.99853365579982,0,-0.0140018409574553
5.32,-2.02057591134829,-1,-4.99848052756481,-2.03429282709364,-1,-3.99857460887924,0,-0.0137173459300224
5.34,-2.02211013499651,-1,-4.99852416057989,-2.03554543381661,-1,-3.9986144182803,0,-0.0134357030477573
5.36,-2.02358763753945,-1,-4.99856656314599,-2.036744307187,-1,-3.99865311586978,0,-0.0131570492425617
5.38,-2.02500938567312,-1,-4.99860776689979,-2.03789055935488,-1,-3.99869073265916,0,-0.012881529925701
5.4,-2.02637661053652,-1,-4.99864780621653,-2.03898529451685,-1,-3.99872729883193,0,-0.0126090180900487
5.42,-2.02769055816505,-1,-4.99868671470908,-2.0400296054435,-1,-3.99876284365076,0,-0.0123393604075149
5.44,-2.02895234967307,-1,-4.99872452382917,-2.0410245713884,-1,-3.9987973957529,0,-0.0120725149658842
5.46,-2.03016298108775,-1,-4.99876126286748,-2.04197125808703,-1,-3.99883098300078,0,-0.0118085514318105
5.48,-2.03132332334917,-1,-4.9987969589536,-2.04287071775853,-1,-3.99886363233509,0,-0.011547651050817
5.5,-2.03243413466653,-1,-4.9988316372522,-2.04372398926712,-1,-3.99889536969157,0,-0.0112900944500237
5.52,-2.03349647787938,-1,-4.99886532626164,-2.04453210336768,-1,-3.99892622063066,0,-0.0110358494962384
5.54,-2.03451174111634,-1,-4.99889805711237,-2.04529608276594,-1,-3.99895620981565,0,-0.0107845507006731
5.56,-2.0354811072785,-1,-4.99892985802973,-2.04601693549679,-1,-3.99898536140816,0,-0.0105360231473126
5.58,-2.0364055254464,-1,-4.99896075422514,-2.04669565459089,-1,-3.99901369900562,0,-0.0102903107512092
5.6,-2.03728571088005,-1,-4.99899076789613,-2.04733321807752,-1,-3.99904124537056,0,-0.0100476762584824
5.62,-2.03812219213143,-1,-4.99901991874726,-2.04793058955192,-1,-3.99906802223421,0,-0.00980855469622326
5.64,-2.0389161494235,-1,-4.99904823295523,-2.04848872822457,-1,-3.99909405113733,0,-0.00957272500313885
5.66,-2.03966887688606,-1,-4.99907573703898,-2.04900858245765,-1,-3.99911935304024,0,-0.00933984136082905
5.68,-2.04038137437329,-1,-4.99910245407158,-2.04949108485678,-1,-3.99914394834502,0,-0.00910983648584527
5.7,-2.0410544344036,-1,-4.99912840472566,-2.04993715331411,-1,-3.99916785685151,0,-0.0088828357263996
5.72,-2.04168867045447,-1,-4.99915360754588,-2.05034769134675,-1,-3.99919109757004,0,-0.00865912910286506
5.74,-2.04228507545852,-1,-4.99917808421224,-2.05072359473647,-1,-3.9992136891499,0,-0.00843861943036776
5.76,-2.04284470837223,-1,-4.99920185644379,-2.05106574782271,-1,-3.9992356497596,0,-0.00822113205712584
5.78,-2.04336846376304,-1,-4.99922494406391,-2.05137502079325,-1,-3.99925699705534,0,-0.00800664257600989
5.8,-2.04385714131444,-1,-4.99924736570477,-2.05165227051402,-1,-3.99927774818593,0,-0.00779520814565277
5.82,-2.04431147582793,-1,-4.99926913907243,-2.05189834089838,-1,-3.99929791974739,0,-0.00758693785632539
5.84,-2.04473236767095,-1,-4.99929028284496,-2.05211406567741,-1,-3.99931752794884,0,-0.00738176504555988
5.86,-2.04512071628633,-1,-4.99931081519319,-2.05230026640766,-1,-3.99933658849529,0,-0.0071796118022075
5.88,-2.0454773564702,-1,-4.99933075344144,-2.05245775183519,-1,-3.99935511669795,0,-0.00698045205392905
5.9,-2.04580306710933,-1,-4.99935011415798,-2.05258731801092,-1,-3.99937312745293,0,-0.00678430294472904
5.92,-2.0460985712243,-1,-4.99936891315578,-2.05268974829208,-1,-3.99939063519928,0,-0.00659122479281478
5.94,-2.04636460206619,-1,-4.99938716604335,-2.05276581425072,-1,-3.99940765401195,0,-0.0064012559008374
5.96,-2.04660202361515,-1,-4.99940488884528,-2.05281627694555,-1,-3.99942419750392,0,-0.00621429332700696
5.98,-2.04681166853342,-1,-4.99942209698572,-2.05284188517849,-1,-3.9994402789074,0,-0.00603025319231631
6,-2.04699430429381,-1,-4.99943880519664,-2.05284337526259,-1,-3.99945591115854,0,-0.00584910432033354
6.02,-2.04715063317975,-1,-4.99945502751783,-2.05282147102233,-1,-3.99947110684802,0,-0.00567086823720194
6.04,-2.04728129228521,-1,-4.99947077729692,-2.05277688379393,-1,-3.99948587817396,0,-0.00549561917164006
6.06,-2.04738690251245,-1,-4.99948606748598,-2.05271031303818,-1,-3.99950023693618,0,-0.00532343566913866
6.08,-2.04746829512754,-1,-4.99950091193387,-2.05262244909951,-1,-3.99951419467367,0,-0.00515417679251639
6.1,-2.04752623490275,-1,-4.99951532374804,-2.05251396995334,-1,-3.99952776257587,0,-0.00498775573121466
6.12,-2.04756140660191,-1,-4.99952931534607,-2.05238554128656,-1,-3.9995409515515,0,-0.0048241533962755
6.14,-2.04757442557529,-1,-4.99954289852531,-2.05223781663896,-1,-3.99955377219253,0,-0.00466340796646254
6.16,-2.04756588320961,-1,-4.99955608469918,-2.05207143796887,-1,-3.99956623476253,0,-0.00450557000321423
6.18,-2.04753649824715,-1,-4.99956888563112,-2.05188703742241,-1,-3.99957834927146,0,-0.00435055289929507
6.2,-2.04748693890133,-1,-4.99958131254076,-2.05168523534468,-1,-3.9995901254261,0,-0.00419830877642622
6.22,-2.04741783306188,-1,-4.99959337622973,-2.05146664066,-1,-3.9996015726848,0,-0.00404881866010657
6.24,-2.04732977275727,-1,-4.99960508710676,-2.05123185093337,-1,-3.99961270024279,0,-0.00390208807847601
6.26,-2.0472233337614,-1,-4.99961645528596,-2.05098145268694,-1,-3.99962351703982,0,-0.00375812777186571
6.28,-2.04709914324953,-1,-4.99962749082416,-2.05071602207849,-1,-3.99963403175178,0,-0.00361688671489656
6.3,-2.04695781400359,-1,-4.99963820344056,-2.05043612421208,-1,-3.99964425277982,0,-0.0034783172223308
6.32,-2.04679993001914,-1,-4.99964860254609,-2.05014231340838,-1,-3.99965418832505,0,-0.00334238961252235
6.34,-2.04662604693493,-1,-4.99965869724694,-2.0498351332183,-1,-3.99966384637758,0,-0.00320909179138331
6.36,-2.04643669203295,-1,-4.99966849634458,-2.04951511642309,-1,-3.99967323470417,0,-0.0030784292523839
6.38,-2.0462323583804,-1,-4.99967800836037,-2.04918278515977,-1,-3.99968236087893,0,-0.00295043105997501
6.4,-2.04601360550213,-1,-4.99968724176426,-2.04883865183812,-1,-3.99969123221562,0,-0.00282505009373582
6.42,-2.04578104355596,-1,-4.99969620486249,-2.04848321886908,-1,-3.99969985574486,0,-0.00270217860156944
6.44,-2.04553523184483,-1,-4.99970490565826,-2.04811697829208,-1,-3.99970823837117,0,-0.0025817493153251
6.46,-2.04527667725134,-1,-4.99971335185057,-2.04774041177316,-1,-3.99971638684908,0,-0.00246373701430119
6.48,-2.04500583423768,-1,-4.99972155083419,-2.04735399060502,-1,-3.99972430775715,0,-0.00234815852524513
6.5,-2.04472310484565,-1,-4.99972950969964,-2.0469581757071,-1,-3.99973200747363,0,-0.00223507272235352
6.52,-2.04442886066789,-1,-4.99973723528542,-2.04655341788294,-1,-3.99973949215964,0,-0.00212455881333721
6.54,-2.04412368625882,-1,-4.99974473472295,-2.04614016064547,-1,-3.99974676780949,0,-0.00201647575320636
6.56,-2.0438081389394,-1,-4.99975201486527,-2.04571883766805,-1,-3.99975384025175,0,-0.00191069989124218
6.58,-2.04348267391197,-1,-4.99975908218985,-2.04528987223326,-1,-3.99976071517407,0,-0.00180719930499776
6.6,-2.04314766945169,-1,-4.9997659428655,-2.04485367754892,-1,-3.99976739809838,0,-0.00170600892477768
6.62,-2.0428034853895,-1,-4.99977260287024,-2.04441065746172,-1,-3.99977389437211,0,-0.00160717276411226
6.64,-2.04245061425777,-1,-4.99977906826623,-2.04396120817122,-1,-3.99978020921386,0,-0.00151059448794509
6.66,-2.04208948937314,-1,-4.99978534483401,-2.04350571620184,-1,-3.99978634768373,0,-0.00141622730212593
6.68,-2.04172050939341,-1,-4.99979143815859,-2.04304455898972,-1,-3.99979231471264,0,-0.00132404998316875
6.7,-2.04134404196526,-1,-4.99979735363756,-2.0425781049344,-1,-3.99979811509355,0,-0.00123406328236716
6.72,-2.04096046006006,-1,-4.99980309654625,-2.04210671398081,-1,-3.99980375349549,0,-0.00114625417176328
6.74,-2.04057016966548,-1,-4.99980867202255,-2.04163073753127,-1,-3.99980923442481,0,-0.00106056806460839
6.76,-2.04017355620802,-1,-4.9998140850347,-2.04115051837362,-1,-3.99981456226235,0,-0.000976962321006907
6.78,-2.03977098262602,-1,-4.99981934040769,-2.04066639096266,-1,-3.99981974128582,0,-0.000895408456295247
6.8,-2.03936278936962,-1,-4.99982444282329,-2.04017868142014,-1,-3.99982477566326,0,-0.000815892141041863
6.82,-2.03894929427146,-1,-4.99982939682023,-2.03968770753658,-1,-3.99982966944734,0,-0.000738413332221024
6.84,-2.03853080363235,-1,-4.99983420682361,-2.03919377915157,-1,-3.99983442659191,0,-0.000662975567782303
6.86,-2.03810769177875,-1,-4.99983887712263,-2.03869719841176,-1,-3.99983905088168,0,-0.000589506667158161
6.88,-2.03768032676298,-1,-4.99984341186839,-2.03819825959201,-1,-3.99984354599561,0,-0.000517932852178666
6.9,-2.03724903905491,-1,-4.99984781509361,-2.03769724919048,-1,-3.99984791553978,0,-0.000448210150583314
6.92,-2.03681412154186,-1,-4.99985209071265,-2.03719444592871,-1,-3.99985216303597,0,-0.000380324396021055
6.94,-2.0363758295287,-1,-4.99985624252148,-2.03669012075158,-1,-3.99985629191097,0,-0.000314291228050267
6.96,-2.03593438097705,-1,-4.99986027419776,-2.03618453683004,-1,-3.99986030548674,0,-0.000250155855596684
6.98,-2.03549006908343,-1,-4.99986418932828,-2.03567795079728,-1,-3.99986420697805,0,-0.000187881714956284
7,-2.0350432601439,-1,-4.99986799139373,-2.03517061280952,-1,-3.99986799950308,0,-0.000127352665967341
7.02,-2.03459424166935,-1,-4.99987168375698,-2.03466276527519,-1,-3.99987168610473,0,-6.85236058881079e-05
7.04,-2.03414325407472,-1,-4.99987526968184,-2.03415464329509,-1,-3.99987526974669,0,-1.13892203741081e-05
7.06,-2.03369049800963,-1,-4.99987875233439,-2.03364647475735,-1,-3.99987875330341,0,4.40232522937689e-05
7.08,-2.0332362408203,-1,-4.99988213479295,-2.03313848157727,-1,-3.99988213957139,0,9.77592431786128e-05
7.1,-2.03278075053868,-1,-4.9998854200314,-2.03263087893003,-1,-3.99988543126215,0,0.000149871609202305
7.12,-2.03232426401195,-1,-4.99988861093902,-2.03212387530778,-1,-3.99988863101684,0,0.000200388705511692
7.14,-2.03186699798099,-1,-4.99989171032535,-2.03161767270565,-1,-3.9998917414069,0,0.000249325277929541
7.16,-2.03140915639955,-1,-4.99989472092197,-2.03111246678123,-1,-3.99989476493434,0,0.000296689622672542
7.18,-2.03095096655762,-1,-4.99989764536543,-2.03060844715203,-1,-3.9998977040252,0,0.000342519412287704
7.2,-2.03049265017234,-1,-4.99990048619724,-2.03010579705706,-1,-3.99990056102491,0,0.00038685312492388
7.22,-2.03003441413643,-1,-4.99990324589349,-2.02960469384978,-1,-3.99990333822326,0,0.000429720299880693
7.24,-2.02957645098224,-1,-4.99990592686584,-2.02910530902729,-1,-3.99990603785322,0,0.000471141972383836
7.26,-2.02911893888166,-1,-4.99990853146157,-2.02860780823033,-1,-3.99990866208885,0,0.000511130673585053
7.28,-2.02866204398031,-1,-4.99991106196639,-2.02811235139687,-1,-3.99991121304737,0,0.000549692611123453
7.3,-2.02820595830014,-1,-4.99991352056578,-2.02761909293356,-1,-3.99991369277127,0,0.000586865400260177
7.32,-2.02775088302285,-1,-4.99991590935333,-2.02712818156324,-1,-3.9999161032319,0,0.000622701499848615
7.34,-2.0272969987496,-1,-4.99991823037733,-2.0266397607176,-1,-3.99991844635827,0,0.000657238079311037
7.36,-2.02684446509744,-1,-4.99992048564165,-2.02615396854926,-1,-3.99992072403442,0,0.000690496603048614
7.38,-2.02639342069933,-1,-4.99992267710571,-2.02567093793174,-1,-3.99992293809642,0,0.000722482830441407
7.4,-2.0259439832041,-1,-4.99992480668449,-2.02519079645946,-1,-3.99992509032966,0,0.000753186815848379
7.42,-2.02549628971666,-1,-4.99992687621318,-2.02471366685199,-1,-3.9999271824625,0,0.000782622944559444
7.44,-2.02505053005592,-1,-4.99992888741534,-2.0242396673191,-1,-3.99992921616458,0,0.0008108628256756
7.46,-2.02460685261074,-1,-4.9999308419925,-2.02376891095733,-1,-3.99993119306567,0,0.000837941751473111
7.48,-2.02416538158247,-1,-4.9999327416133,-2.02330150604538,-1,-3.99993311475384,0,0.000863875644536241
7.5,-2.02372621840403,-1,-4.99993458791246,-2.02283755606373,-1,-3.99993498277291,0,0.000888662457265445
7.52,-2.02328948733051,-1,-4.99993638245232,-2.0223771602348,-1,-3.99993679862277,0,0.000912327222275359
7.54,-2.02285532141861,-1,-4.99993812673052,-2.02192041330584,-1,-3.9999385637572,0,0.000934908248961274
7.56,-2.02242383547196,-1,-4.99993982221249,-2.02146740561558,-1,-3.99994027959163,0,0.000956430002191688
7.58,-2.02199513335342,-1,-4.99994147032777,-2.02101822326234,-1,-3.99994194750455,0,0.000976910246460743
7.6,-2.0215693099728,-1,-4.99994307246883,-2.02057294816491,-1,-3.99994356883738,0,0.000996361972742044
7.62,-2.02114646876985,-1,-4.99994462997177,-2.02013165823502,-1,-3.99994514489212,0,0.0010148107090102
7.64,-2.02072671151659,-1,-4.99994614412195,-2.01969442713126,-1,-3.99994667692762,0,0.00103228456866253
7.66,-2.0203101316876,-1,-4.99994761617318,-2.01926132472786,-1,-3.99994816617135,0,0.00104880715202493
7.68,-2.0198968149267,-1,-4.99994904734837,-2.01883241716801,-1,-3.99994961381982,0,0.00106439795966736
7.7,-2.01948683904692,-1,-4.99995043883958,-2.01840776686393,-1,-3.99995102103814,0,0.00107907239240388
7.72,-2.01908027532357,-1,-4.99995179180748,-2.01798743258951,-1,-3.99995238896028,0,0.00109284295159222
7.74,-2.01867720415084,-1,-4.99995310735778,-2.01757146949121,-1,-3.99995371868253,0,0.00110573488495105
7.76,-2.01827770835533,-1,-4.99995438654929,-2.01715992898879,-1,-3.99995501126484,0,0.00111777959930585
7.78,-2.01788186112576,-1,-4.99995563041908,-2.01675285924593,-1,-3.9999562677419,0,0.00112900211967365
7.8,-2.01748972579981,-1,-4.99995683998314,-2.01635030518989,-1,-3.99995748912301,0,0.00113942085647036
7.82,-2.01710135586408,-1,-4.99995801623636,-2.01595230851142,-1,-3.99995867639149,0,0.00114904760551072
7.84,-2.01671679495348,-1,-4.99995916015255,-2.01555890766488,-1,-3.99995983050426,0,0.00115788754733558
7.86,-2.01633608602411,-1,-4.99996027267223,-2.01517013800624,-1,-3.99996095238985,0,0.00116594828204751
7.88,-2.0159593027346,-1,-4.99996135466103,-2.01478603191358,-1,-3.99996204294347,0,0.00117327109020279
7.9,-2.01558651334662,-1,-4.99996240696088,-2.01440661881025,-1,-3.99996310303669,0,0.00117989481013622
7.92,-2.01521776766974,-1,-4.99996343040852,-2.0140319252565,-1,-3.99996413351988,0,0.00118584269116012
7.94,-2.01485309706144,-1,-4.99996442583539,-2.01366197494953,-1,-3.99996513522159,0,0.00119112239356426
7.96,-2.01449251442713,-1,-4.99996539406773,-2.01329678872344,-1,-3.99996610894797,0,0.00119572598861592
7.98,-2.01413602908023,-1,-4.99996633590854,-2.012936384717,-1,-3.9999670554821,0,0.00119964465097476
8,-2.01378370886053,-1,-4.99996725206119,-2.0125807789935,-1,-3.99996797558158,0,0.00120293015713993
8.02,-2.013435606854,-1,-4.99996814322051,-2.01222998492622,-1,-3.99996886998289,0,0.00120562221984148
8.04,-2.01309175315168,-1,-4.99996901008571,-2.01188401333945,-1,-3.9999697394037,0,0.00120774010583672
8.06,-2.01275215665754,-1,-4.99996985335824,-2.01154287253538,-1,-3.99997058454255,0,0.0012092844168931
8.08,-2.01241681087235,-1,-4.99997067373491,-2.01120656836487,-1,-3.99997140607864,0,0.00121024280291781
8.1,-2.01208575307543,-1,-4.99997147183614,-2.01087510487713,-1,-3.99997220467094,0,0.00121064849403477
8.12,-2.01175901567321,-1,-4.99997224826515,-2.01054848381793,-1,-3.9999729809591,0,0.00121053215093138
8.14,-2.01143661464454,-1,-4.9999730036247,-2.01022670474882,-1,-3.99997373556594,0,0.00120991019091444
8.16,-2.01111855501547,-1,-4.9999737385108,-2.00990976513305,-1,-3.99997446909755,0,0.00120879017679502
8.18,-2.01080483694876,-1,-4.99997445350553,-2.00959766042979,-1,-3.99997518214337,0,0.00120717681216889
8.2,-2.01049547763037,-1,-4.9999751491499,-2.00929038427774,-1,-3.99997587527515,0,0.00120509364431564
8.22,-2.01019048839432,-1,-4.99997582597241,-2.00898792831405,-1,-3.99997654904804,0,0.00120256037011944
8.24,-2.00988987401044,-1,-4.99997648449238,-2.00869028242002,-1,-3.99997720400263,0,0.00119959187813036
8.26,-2.00959363316614,-1,-4.99997712521944,-2.00839743473446,-1,-3.99997784066504,0,0.00119619871695167
8.28,-2.00930175897461,-1,-4.99997774865301,-2.00810937167919,-1,-3.99997845954699,0,0.00119238757797633
8.3,-2.00901425046861,-1,-4.99997835526853,-2.00782607810473,-1,-3.99997906114556,0,0.00118817264344282
8.32,-2.00873111219691,-1,-4.99997894551673,-2.00754753707841,-1,-3.99997964594201,0,0.00118357539483755
8.34,-2.00845234309897,-1,-4.99997951984042,-2.00727373018915,-1,-3.99998021440486,0,0.00117861318268818
8.36,-2.00817793610352,-1,-4.99998007867546,-2.00700463760823,-1,-3.99998076699037,0,0.00117329876448474
8.38,-2.00790787812863,-1,-4.99998062245072,-2.00674023808927,-1,-3.99998130414258,0,0.00116764030467972
8.4,-2.00764215008084,-1,-4.99998115158814,-2.00648050896824,-1,-3.99998182629341,0,0.00116164137385587
8.42,-2.00738073039637,-1,-4.99998166649837,-2.00622542625258,-1,-3.99998233386243,0,0.00115530440078482
8.44,-2.00712362003679,-1,-4.99998216755132,-2.0059749646812,-1,-3.9999828272561,0,0.0011486556081756
8.46,-2.00687082001067,-1,-4.99998265510445,-2.00572909775039,-1,-3.99998330686952,0,0.0011417225083277
8.48,-2.00662231954188,-1,-4.9999831295171,-2.00548779778389,-1,-3.99998377308712,0,0.00113452200137117
8.5,-2.00637809606955,-1,-4.99998359115059,-2.0052510359329,-1,-3.99998422628307,0,0.00112706037526668
8.52,-2.0061381152481,-1,-4.99998404036811,-2.00501878217603,-1,-3.99998466682157,0,0.00111933330580544
8.54,-2.00590233180841,-1,-4.99998447753377,-2.00479100532997,-1,-3.99998509505723,0,0.00111132670720356
8.56,-2.00567072792766,-1,-4.99998490296871,-2.00456767344036,-1,-3.9999855113335,0,0.0011030547109834
8.58,-2.00544331585679,-1,-4.9999853169507,-2.00434875380863,-1,-3.99998591598392,0,0.00109456226672091
8.6,-2.00522008829155,-1,-4.9999857197696,-2.0041342126823,-1,-3.9999863093327,0,0.00108587582264639
8.62,-2.00500101652788,-1,-4.99998611172903,-2.00392401527067,-1,-3.99998669169505,0,0.00107700146541758
8.64,-2.00478605046195,-1,-4.99998649314629,-2.00371812574482,-1,-3.99998706337806,0,0.00106792492011966
8.66,-2.00457512834108,-1,-4.99998686434188,-2.00351650735001,-1,-3.99998742468124,0,0.00105862118880835
8.68,-2.00436825194118,-1,-4.9999872255584,-2.00331912323435,-1,-3.99998777589408,0,0.00104912889928287
8.7,-2.00416541322142,-1,-4.999987577041,-2.00312593567954,-1,-3.99998811729792,0,0.00103947772906817
8.72,-2.00396658374917,-1,-4.99998791904832,-2.00293690611818,-1,-3.99998844916648,0,0.00102967781293458
8.74,-2.00377172046492,-1,-4.99998825184623,-2.00275199520826,-1,-3.99998877176617,0,0.00101972543338874
8.76,-2.00358077588095,-1,-4.99998857569721,-2.00257116295778,-1,-3.99998908535647,0,0.00100961309469149
8.78,-2.00339373290987,-1,-4.99998889082456,-2.00239436909477,-1,-3.9999893901887,0,0.000999363981448591
8.8,-2.00321056486593,-1,-4.99998919745436,-2.00222157267135,-1,-3.99998968650726,0,0.000988992355802898
8.82,-2.00303123789868,-1,-4.99998949581305,-2.00205273220887,-1,-3.99998997454985,0,0.000978505845960234
8.84,-2.00285571205278,-1,-4.99998978612631,-2.00188780571367,-1,-3.99999025454776,0,0.000967906490236027
8.86,-2.00268394627867,-1,-4.99999006861415,-2.00172675075915,-1,-3.99999052672589,0,0.000957195665683678
8.88,-2.0025159118383,-1,-4.99999034347797,-2.00156952456598,-1,-3.9999907913025,0,0.00094638741359092
8.9,-2.00235157754557,-1,-4.99999061091549,-2.00141608389917,-1,-3.99999104848977,0,0.000935493782844344
8.92,-2.00219090805134,-1,-4.99999087112264,-2.00126638519518,-1,-3.99999129849399,0,0.000924522987868354
8.94,-2.00203386391444,-1,-4.99999112429345,-2.00112038456429,-1,-3.9999915415158,0,0.000913479477195093
8.96,-2.00188040160169,-1,-4.99999137062005,-2.00097803779068,-1,-3.99999177775035,0,0.00090236393346443
8.98,-2.00173047613247,-1,-4.99999161029009,-2.00083930039807,-1,-3.99999200738726,0,0.000891175852354291
9,-2.00158405771308,-1,-4.99999184347233,-2.0007041277083,-1,-3.99999223061081,0,0.000879930118329459
9.02,-2.00144111794859,-1,-4.99999207032962,-2.00057247480395,-1,-3.99999244760015,0,0.00086864325387953
9.04,-2.00130162169246,-1,-4.99999229102594,-2.00044429657638,-1,-3.99999265852918,0,0.000857325221108406
9.06,-2.00116552704362,-1,-4.99999250572638,-2.00031954772579,-1,-3.99999286356695,0,0.000845979418746305
9.08,-2.00103278534648,-1,-4.9999927145972,-2.00019818276122,-1,-3.999993062878,0,0.000834602682149759
9.1,-2.00090334115465,-1,-4.99999291780577,-2.00008015600057,-1,-3.99999325662272,0,0.000823185247048462
9.12,-2.00077714539839,-1,-4.99999311550869,-1.99996542170608,-1,-3.99999344495642,0,0.000811723781446326
9.14,-2.00065418465471,-1,-4.99999330783028,-1.99985393436461,-1,-3.99999362803059,0,0.000800250375518445
9.16,-2.00053443864939,-1,-4.99999349489696,-1.99974564836112,-1,-3.99999380599206,0,0.000788790370062551
9.18,-2.00041787010546,-1,-4.99999367684467,-1.99964051790389,-1,-3.99999397898294,0,0.000777352279864334
9.2,-2.00030442474325,-1,-4.99999385381888,-1.99953849702444,-1,-3.99999414714156,0,0.00076592779369744
9.22,-2.00019403128032,-1,-4.99999402597456,-1.99943953957758,-1,-3.99999431060347,0,0.000754491774323472
9.24,-2.00008662459666,-1,-4.99999419345787,-1.99934359950183,-1,-3.99999446950105,0,0.000743025163198009
9.26,-1.99998220540996,-1,-4.99999435636084,-1.99925063147749,-1,-3.99999462396109,0,0.00073157399772959
9.28,-1.9998807531133,-1,-4.99999451478983,-1.99916059000705,-1,-3.99999477410732,0,0.000720163168493678
9.3,-1.9997822261467,-1,-4.99999466886328,-1.99907342946328,-1,-3.99999492005968,0,0.000708796742768133
9.32,-1.99968656310163,-1,-4.99999481871078,-1.99898910410216,-1,-3.99999506193534,0,0.000697459056014896
9.34,-1.99959369564443,-1,-4.99999496446375,-1.99890756821341,-1,-3.9999951998492,0,0.00068612748485196
9.36,-1.99950360695209,-1,-4.99999510621358,-1.99882877678329,-1,-3.99999533391148,0,0.000674830220018047
9.38,-1.99941626588645,-1,-4.99999524405956,-1.99875268476504,-1,-3.99999546422954,0,0.000663581170115938
9.4,-1.99933162994861,-1,-4.99999537810611,-1.99867924716281,-1,-3.99999559090778,0,0.000652382832076454
9.42,-1.9992496482529,-1,-4.99999550846056,-1.9986084190681,-1,-3.99999571404801,0,0.000641229228739651
9.44,-1.99917027359384,-1,-4.99999563522505,-1.99854015580639,-1,-3.99999583374928,0,0.000630117829147687
9.46,-1.9990934739927,-1,-4.99999575848924,-1.99847441304065,-1,-3.99999595010749,0,0.00061906099158572
9.48,-1.99901921165345,-1,-4.99999587834434,-1.99841114657935,-1,-3.99999606321592,0,0.000608065111569304
9.5,-1.9989474450424,-1,-4.99999599488158,-1.99835031243708,-1,-3.99999617316527,0,0.000597132640812502
9.52,-1.99887812889,-1,-4.9999961081922,-1.9982918668346,-1,-3.99999628004381,0,0.000586262088983527
9.54,-1.99881121576317,-1,-4.99999621836636,-1.9982357662255,-1,-3.99999638393746,0,0.000575449569431371
9.56,-1.99874666886229,-1,-4.99999632548567,-1.99818196741902,-1,-3.99999648492954,0,0.000564701473283086
9.58,-1.99868445501994,-1,-4.99999642962786,-1.99813042749307,-1,-3.99999658310113,0,0.000554027555214193
9.6,-1.99862453708131,-1,-4.999996530871,-1.99808110378841,-1,-3.99999667853088,0,0.000543433319639488
9.62,-1.99856687384441,-1,-4.9999966292934,-1.99803395391157,-1,-3.99999677129523,0,0.000532919958070083
9.64,-1.99851142006006,-1,-4.99999672497368,-1.99798893573472,-1,-3.99999686146862,0,0.000522484349113407
9.66,-1.99845812628725,-1,-4.9999968179908,-1.99794600739454,-1,-3.99999694912369,0,0.000512118915096836
9.68,-1.99840694505365,-1,-4.9999969084201,-1.99790512735839,-1,-3.99999703433061,0,0.000501817716320498
9.7,-1.99835785517115,-1,-4.99999699632254,-1.99786625466791,-1,-3.99999711715808,0,0.000491600523035637
9.72,-1.9983108327091,-1,-4.99999708175913,-1.99782934867559,-1,-3.99999719767257,0,0.000481484052120335
9.74,-1.99826584301059,-1,-4.99999716479435,-1.99779436897182,-1,-3.99999727593824,0,0.000471474056230962
9.76,-1.99822284069237,-1,-4.99999724549622,-1.99776127538496,-1,-3.99999735201749,0,0.000461565323802179
9.78,-1.99818176964494,-1,-4.99999732393624,-1.99773002798125,-1,-3.99999742597151,0,0.000451741679046929
9.8,-1.99814256501418,-1,-4.99999740018835,-1.9977005870868,-1,-3.9999974978606,0,0.000441977941772139
9.82,-1.99810519954528,-1,-4.99999747430667,-1.99767291380248,-1,-3.99999756774216,0,0.000432285756264246
9.84,-1.99806967224476,-1,-4.99999754633376,-1.99764696989221,-1,-3.9999976356724,0,0.000422702365136502
9.86,-1.99803596118231,-1,-4.99999761632013,-1.99762271726771,-1,-3.9999977017054,0,0.0004132439263657
9.88,-1.99800402276507,-1,-4.99999768432398,-1.99760011798056,-1,-3.99999776589352,0,0.00040390479549159
9.9,-1.99797379173764,-1,-4.99999775041121,-1.99757913422227,-1,-3.99999782828849,0,0.000394657525616869
9.92,-1.99794519893779,-1,-4.99999781464791,-1.9975597285297,-1,-3.99999788894163,0,0.000385470417642696
9.94,-1.9979182464712,-1,-4.99999787706938,-1.99754186465148,-1,-3.99999794790102,0,0.000376381828609354
9.96,-1.99789291531727,-1,-4.99999793771911,-1.99752550648872,-1,-3.99999800521374,0,0.000367408836813688
9.98,-1.99786916905348,-1,-4.99999799664614,-1.99751061814947,-1,-3.99999806092552,0,0.000358550911696783
10,-1.9978469576125,-1,-4.99999805390344,-1.99749716399253,-1,-3.99999811508123,0,0.000349793627102919
10.02,-1.99782623586519,-1,-4.99999810954091,-1.99748510884377,-1,-3.99999816772473,0,0.000341127028039399
10.04,-1.99780698538524,-1,-4.99999816359755,-1.99747441824421,-1,-3.99999821889801,0,0.000332567147164422
10.06,-1.99778917613482,-1,-4.99999821611574,-1.99746505801459,-1,-3.99999826864202,0,0.00032411812590503
10.08,-1.99777277313674,-1,-4.9999982671385,-1.99745699433969,-1,-3.99999831699663,0,0.000315778802306306
10.1,-1.99775773660298,-1,-4.99999831670945,-1.99745019376984,-1,-3.99999836400075,0,0.000307542837988361
10.12,-1.99774403082135,-1,-4.9999983648698,-1.99744462332451,-1,-3.99999840969222,0,0.000299407501312629
10.14,-1.99773163041726,-1,-4.99999841165652,-1.99744025055615,-1,-3.99999845410763,0,0.000291379865230928
10.16,-1.99772050717758,-1,-4.9999984571067,-1.99743704340828,-1,-3.99999849728255,0,0.000283463773091379
10.18,-1.99771062982461,-1,-4.99999850125743,-1.99743497021781,-1,-3.99999853925154,0,0.000275659610291042
10.2,-1.99770196401611,-1,-4.99999854414584,-1.99743399971504,-1,-3.99999858004827,0,0.000267964304275908
10.22,-1.99769447229066,-1,-4.99999858580907,-1.99743410102302,-1,-3.99999861970567,0,0.000260371270589995
10.24,-1.99768811897534,-1,-4.99999862628259,-1.99743524370975,-1,-3.99999865825554,0,0.000252875268282353
10.26,-1.99768288500547,-1,-4.99999866559695,-1.9974373979569,-1,-3.9999986957289,0,0.000245487051038137
10.28,-1.99767874994835,-1,-4.99999870378242,-1.99744053435861,-1,-3.99999873215576,0,0.000238215591983762
10.3,-1.99767568729865,-1,-4.99999874086998,-1.9974446238676,-1,-3.99999876756514,0,0.000231063433111042
10.32,-1.99767366447851,-1,-4.99999877689132,-1.99744963779511,-1,-3.9999988019853,0,0.000224026685277181
10.34,-1.99767264283747,-1,-4.99999881187881,-1.99745554781097,-1,-3.99999883544393,0,0.000217095028204785
10.36,-1.99767257878397,-1,-4.99999884586525,-1.99746232595618,-1,-3.99999886796838,0,0.000210252829340194
10.38,-1.99767345294299,-1,-4.99999887887691,-1.99746994497165,-1,-3.99999889958466,0,0.000203507972748974
10.4,-1.99767525519534,-1,-4.99999891093771,-1.99747837813235,-1,-3.999998930318,0,0.000196877064266325
10.42,-1.99767796316466,-1,-4.99999894207364,-1.99748759899491,-1,-3.9999989601929,0,0.000190364170896069
10.44,-1.99768154495655,-1,-4.99999897231196,-1.99749758142664,-1,-3.99999898923325,0,0.000183963530943874
10.46,-1.99768595961114,-1,-4.99999900168106,-1.99750829961069,-1,-3.9999990174626,0,0.000177660001378478
10.48,-1.99769118201232,-1,-4.99999903020551,-1.99751972833415,-1,-3.9999990449037,0,0.000171453679012029
10.5,-1.99769719863797,-1,-4.99999905790717,-1.99753184294013,-1,-3.99999907157842,0,0.000165355698594215
10.52,-1.99770398748873,-1,-4.99999908480895,-1.99754461908772,-1,-3.99999909750809,0,0.000159368401683935
10.54,-1.99771152173173,-1,-4.99999911093406,-1.99755803279231,-1,-3.99999912271349,0,0.000153488940023405
10.56,-1.99771976973132,-1,-4.99999913630592,-1.99757206042588,-1,-3.99999914721494,0,0.000147709305975878
10.58,-1.99772870432729,-1,-4.99999916094657,-1.99758667882108,-1,-3.9999991710322,0,0.000142025506686697
10.6,-1.99773831030948,-1,-4.9999991848757,-1.99760186536482,-1,-3.99999919418431,0,0.000136444945081533
10.62,-1.99774856937508,-1,-4.99999920811303,-1.99761759781326,-1,-3.99999921668981,0,0.00013097156219484
10.64,-1.99775945939584,-1,-4.99999923067833,-1.99763385427715,-1,-3.99999923856665,0,0.000125605119028883
10.66,-1.99777095441808,-1,-4.99999925259139,-1.99765061322182,-1,-3.99999925983239,0,0.00012034119655373
10.68,-1.99778302465539,-1,-4.99999927387206,-1.99766785346707,-1,-3.99999928050426,0,0.000115171188575218
10.7,-1.99779564183773,-1,-4.99999929453922,-1.99768555424235,-1,-3.99999930059886,0,0.000110087595601163
10.72,-1.99780879691906,-1,-4.99999931460918,-1.99770369540568,-1,-3.99999932013234,0,0.000105101513569811
10.74,-1.99782248011659,-1,-4.99999933409803,-1.99772225719757,-1,-3.99999933912035,0,0.00010022291919455
10.76,-1.99783667431451,-1,-4.9999993530222,-1.99774122015298,-1,-3.99999935757794,0,9.54541616718044e-05
10.78,-1.99785135506395,-1,-4.99999937139842,-1.99776056510139,-1,-3.99999937551983,0,9.07899626810278e-05
10.8,-1.99786649058301,-1,-4.99999938924376,-1.99778027316673,-1,-3.99999939296048,0,8.62174163847087e-05
10.82,-1.99788204286041,-1,-4.99999940657541,-1.99780032577922,-1,-3.99999940991425,0,8.17170812738702e-05
10.84,-1.99789799797997,-1,-4.99999942340749,-1.99782070502594,-1,-3.99999942639459,0,7.72929541067651e-05
10.86,-1.99791436515789,-1,-4.99999943975239,-1.99784139364723,-1,-3.99999944241481,0,7.2971510719686e-05
10.88,-1.99793113957165,-1,-4.99999945562332,-1.99786237458109,-1,-3.99999945798763,0,6.87649906142989e-05
10.9,-1.99794830037093,-1,-4.99999947103423,-1.9978836309365,-1,-3.9999994731253,0,6.46694344712348e-05
10.92,-1.99796581067759,-1,-4.99999948599984,-1.99790514599348,-1,-3.99999948783994,0,6.06646841500913e-05
10.94,-1.99798362048308,-1,-4.9999995005354,-1.99792690323667,-1,-3.99999950214382,0,5.67172464440913e-05
10.96,-1.99800172837298,-1,-4.99999951465228,-1.99794888707631,-1,-3.99999951604838,0,5.28412966941274e-05
10.98,-1.99802014684975,-1,-4.999999528361,-1.99797108244294,-1,-3.99999952956466,0,4.90644068326599e-05
11,-1.99803886653141,-1,-4.99999954167315,-1.99799347435212,-1,-3.99999954270337,0,4.53921793070041e-05
11.02,-1.99805786251682,-1,-4.99999955460076,-1.99801604797624,-1,-3.99999955547499,0,4.18145405912626e-05
11.04,-1.99807709544916,-1,-4.99999956715626,-1.99803878865676,-1,-3.99999956788997,0,3.83067924160154e-05
11.06,-1.99809655388809,-1,-4.99999957935032,-1.99806168239888,-1,-3.99999957995833,0,3.48714892188685e-05
11.08,-1.99811623990088,-1,-4.99999959119275,-1.99808471570505,-1,-3.99999959168964,0,3.15241958412398e-05
11.1,-1.99813614179383,-1,-4.99999960269377,-1.99810787523987,-1,-3.99999960309327,0,2.8266553967132e-05
11.12,-1.99815624097409,-1,-4.99999961386351,-1.99813114790666,-1,-3.99999961417834,0,2.50930674322727e-05
11.14,-1.99817651321546,-1,-4.99999962471204,-1.99815452086149,-1,-3.99999962495387,0,2.19923539711304e-05
11.16,-1.99819694788128,-1,-4.99999963524863,-1.99817798173656,-1,-3.99999963542849,0,1.89661447204679e-05
11.18,-1.99821753923874,-1,-4.99999964548224,-1.9982015185452,-1,-3.99999964561058,0,1.60206935391624e-05
11.2,-1.99823827678073,-1,-4.9999996554217,-1.99822511954657,-1,-3.99999965550826,0,1.31572341609298e-05
11.22,-1.99825914625118,-1,-4.99999966507565,-1.99824877325437,-1,-3.99999966512945,0,1.03729968138321e-05
11.24,-1.99828012964508,-1,-4.99999967445259,-1.99827246843686,-1,-3.99999967448193,0,7.66120822027749e-06
11.26,-1.99830120818167,-1,-4.9999996835607,-1.99829619414628,-1,-3.99999968357327,0,5.01403539675157e-06
11.28,-1.99832237698661,-1,-4.99999969240775,-1.99831993990171,-1,-3.99999969241072,0,2.43708489882067e-06
11.3,-1.9983436330684,-1,-4.99999970100137,-1.99834369554151,-1,-3.99999970100137,0,-6.24731150221565e-08
11.32,-1.99836496844595,-1,-4.99999970934898,-1.99836745111921,-1,-3.99999970935206,0,-2.48267326466866e-06
11.34,-1.99838637013677,-1,-4.9999997174578,-1.99839119690312,-1,-3.99999971746945,0,-4.82676635071095e-06
11.36,-1.99840782015698,-1,-4.99999972533485,-1.99841492337633,-1,-3.99999972536008,0,-7.10321935444052e-06
11.38,-1.99842929545174,-1,-4.99999973298691,-1.99843862123513,-1,-3.99999973303039,0,-9.32578338997995e-06
11.4,-1.99845078241149,-1,-4.99999974042038,-1.99846228155575,-1,-3.99999974048649,0,-1.14991442633537e-05
11.42,-1.99847229341234,-1,-4.99999974764192,-1.99848589600266,-1,-3.99999974773443,0,-1.36025903288986e-05
11.44,-1.99849383319523,-1,-4.99999975465795,-1.9985094564045,-1,-3.99999975477999,0,-1.56232092715789e-05
11.46,-1.99851539413854,-1,-4.99999976147453,-1.99853295469212,-1,-3.99999976162872,0,-1.75605535820896e-05
11.48,-1.99853695625806,-1,-4.99999976809734,-1.99855638289862,-1,-3.99999976828604,0,-1.94266405568559e-05
11.5,-1.99855848720704,-1,-4.9999997745317,-1.99857973315934,-1,-3.9999997747574,0,-2.12459522980345e-05
11.52,-1.99857995755588,-1,-4.9999997807827,-1.99860299789014,-1,-3.99999978104813,0,-2.30403342630425e-05
11.54,-1.99860139195919,-1,-4.99999978685621,-1.99862617039134,-1,-3.9999997871632,0,-2.47784321497916e-05
11.56,-1.99862280618001,-1,-4.99999979275805,-1.99864924409746,-1,-3.99999979310753,0,-2.64379174560311e-05
11.58,-1.99864419610381,-1,-4.99999979849336,-1.99867221243455,-1,-3.99999979888582,0,-2.80163307454274e-05
11.6,-1.99866553833376,-1,-4.99999980406661,-1.99869506882685,-1,-3.99999980450264,0,-2.95304930987751e-05
11.62,-1.99868679221905,-1,-4.99999980948167,-1.99871780672051,-1,-3.99999980996262,0,-3.10145014582169e-05
11.64,-1.99870796120782,-1,-4.99999981474337,-1.9987404203026,-1,-3.99999981527016,0,-3.24590947848943e-05
11.66,-1.9987290627262,-1,-4.99999981985686,-1.99876290414811,-1,-3.99999982042948,0,-3.38414219189562e-05
11.68,-1.99875009367642,-1,-4.9999998248266,-1.99878525279935,-1,-3.99999982544469,0,-3.51591229419354e-05
11.7,-1.99877104010304,-1,-4.99999982965656,-1.99880746087634,-1,-3.99999983031979,0,-3.6420773305468e-05
11.72,-1.99879188062064,-1,-4.99999983435029,-1.99882952311622,-1,-3.99999983505877,0,-3.7642495591311e-05
11.74,-1.99881261701281,-1,-4.99999983891199,-1.99885143473257,-1,-3.9999998396654,0,-3.88177197708872e-05
11.76,-1.99883325148058,-1,-4.99999984334579,-1.99887319114891,-1,-3.99999984414338,0,-3.99396683441374e-05
11.78,-1.99885377971414,-1,-4.99999984765544,-1.99889478790039,-1,-3.99999984849627,0,-4.10081862627026e-05
11.8,-1.99887419279933,-1,-4.99999985184441,-1.9989162206545,-1,-3.99999985272758,0,-4.20278551838072e-05
11.82,-1.99889447795922,-1,-4.99999985591592,-1.99893748521855,-1,-3.99999985684073,0,-4.3007259348661e-05
11.84,-1.99891463165465,-1,-4.99999985987338,-1.99895857769191,-1,-3.99999986083901,0,-4.39460372723289e-05
11.86,-1.99893465648791,-1,-4.99999986372041,-1.99897949444072,-1,-3.99999986472563,0,-4.48379528184854e-05
11.88,-1.99895455124743,-1,-4.99999986746033,-1.99900023195563,-1,-3.99999986850369,0,-4.56807082114505e-05
11.9,-1.99897431092614,-1,-4.99999987109621,-1.99902078684818,-1,-3.99999987217622,0,-4.64759220566334e-05
11.92,-1.99899392672149,-1,-4.99999987463087,-1.99904115585082,-1,-3.99999987574616,0,-4.72291293405331e-05
11.94,-1.99901338592804,-1,-4.99999987806682,-1.99906133581488,-1,-3.99999987921642,0,-4.7949886866437e-05
11.96,-1.99903268068193,-1,-4.99999988140667,-1.99908132380957,-1,-3.99999988258975,0,-4.86431276531421e-05
11.98,-1.99905182191113,-1,-4.99999988465387,-1.99910111730296,-1,-3.99999988586889,0,-4.92953918485521e-05
12,-1.99907081634148,-1,-4.99999988781157,-1.99912071386395,-1,-3.99999988905645,0,-4.98975224944686e-05
12.02,-1.99908966271079,-1,-4.99999989088247,-1.99914011111083,-1,-3.99999989215499,0,-5.04484000651579e-05
12.04,-1.99910835176884,-1,-4.99999989386876,-1.99915930671128,-1,-3.99999989516696,0,-5.09549424673514e-05
12.06,-1.99912686627737,-1,-4.99999989677217,-1.99917829838239,-1,-3.9999998980948,0,-5.14321050402454e-05
12.08,-1.99914518310384,-1,-4.99999989959402,-1.99919708391465,-1,-3.99999990094087,0,-5.19008108338289e-05
12.1,-1.99916330973478,-1,-4.99999990233707,-1.99921566160365,-1,-3.99999990370743,0,-5.23518688889614e-05
12.12,-1.99918127378067,-1,-4.99999990500514,-1.99923403012491,-1,-3.99999990639676,0,-5.27563442709104e-05
12.14,-1.99919908584775,-1,-4.9999999076011,-1.99925218807952,-1,-3.99999990901102,0,-5.31022317992098e-05
12.16,-1.9992167382565,-1,-4.99999991012674,-1.99927013397759,-1,-3.99999991155229,0,-5.33957211150255e-05
12.18,-1.99923420504162,-1,-4.9999999125828,-1.99928786623827,-1,-3.99999991402257,0,-5.36611966811552e-05
12.2,-1.99925144882725,-1,-4.99999991496936,-1.99930538327023,-1,-3.99999991642382,0,-5.39344430033457e-05
12.22,-1.99926849419438,-1,-4.9999999172897,-1.99932268433383,-1,-3.99999991875799,0,-5.41901394756208e-05
12.24,-1.99928536574794,-1,-4.99999991954714,-1.99933976881076,-1,-3.99999992102698,0,-5.4403062849906e-05
12.26,-1.99930206570335,-1,-4.99999992174367,-1.99935663592913,-1,-3.99999992323262,0,-5.45702258033156e-05
12.28,-1.99931857996619,-1,-4.99999992388036,-1.99937328483369,-1,-3.99999992537667,0,-5.47048675218281e-05
12.3,-1.99933488346371,-1,-4.99999992595759,-1.99938971464807,-1,-3.99999992746082,0,-5.48311843931988e-05
12.32,-1.99935098859487,-1,-4.99999992797776,-1.99940592504349,-1,-3.99999992948677,0,-5.49364486556029e-05
12.34,-1.99936690538054,-1,-4.99999992994306,-1.99942191576988,-1,-3.99999993145613,0,-5.50103893699078e-05
12.36,-1.99938263336227,-1,-4.99999993185506,-1.99943768654976,-1,-3.99999993337049,0,-5.50531875183492e-05
12.38,-1.99939816550453,-1,-4.99999993371494,-1.99945323712306,-1,-3.99999993523138,0,-5.50716185514503e-05
12.4,-1.99941349266124,-1,-4.99999993552369,-1.99946856729792,-1,-3.9999999370403,0,-5.50746366990805e-05
12.42,-1.99942862083655,-1,-4.99999993728309,-1.99948367715648,-1,-3.99999993879869,0,-5.50563199607544e-05
12.44,-1.99944355437264,-1,-4.99999993899479,-1.99949856685521,-1,-3.99999994050798,0,-5.50124826001128e-05
12.46,-1.99945829374055,-1,-4.99999994066017,-1.99951323658617,-1,-3.99999994216952,0,-5.49428456467714e-05
12.48,-1.99947283582503,-1,-4.99999994228036,-1.99952768657996,-1,-3.99999994378467,0,-5.48507549566379e-05
12.5,-1.99948717392525,-1,-4.99999994385629,-1.99954191710562,-1,-3.9999999453547,0,-5.47431803963404e-05
12.52,-1.9995013035288,-1,-4.99999994538893,-1.99955592853438,-1,-3.99999994688088,0,-5.46250056137544e-05
12.54,-1.99951523335765,-1,-4.99999994687995,-1.99956972148287,-1,-3.99999994836443,0,-5.44881252408704e-05
12.56,-1.99952897034987,-1,-4.99999994833088,-1.99958329662028,-1,-3.99999994980655,0,-5.43262704318629e-05
12.58,-1.99954251635369,-1,-4.99999994974292,-1.99959665462168,-1,-3.9999999512084,0,-5.41382680173194e-05
12.6,-1.99955586812749,-1,-4.99999995111698,-1.99960979616797,-1,-3.9999999525711,0,-5.39280405042403e-05
12.62,-1.99956901733986,-1,-4.99999995245365,-1.99962272194591,-1,-3.99999995389574,0,-5.3704606076039e-05
12.64,-1.99958195049278,-1,-4.99999995375321,-1.99963543264658,-1,-3.99999995518338,0,-5.34821538221735e-05
12.66,-1.99959466852941,-1,-4.99999995501668,-1.9996479291975,-1,-3.99999995643503,0,-5.32606681129351e-05
12.68,-1.9996071960039,-1,-4.99999995624633,-1.99966021287318,-1,-3.99999995765172,0,-5.30168693026021e-05
12.7,-1.99961954678664,-1,-4.9999999574438,-1.99967228487629,-1,-3.99999995883445,0,-5.27380896726972e-05
12.72,-1.99963172124475,-1,-4.99999995861001,-1.99968414630284,-1,-3.9999999599842,0,-5.24250581151195e-05
12.74,-1.99964370624211,-1,-4.99999995974509,-1.99969579814222,-1,-3.99999996110187,0,-5.20919001321443e-05
12.76,-1.99965547513934,-1,-4.99999996084844,-1.99970724127715,-1,-3.99999996218831,0,-5.17661378364237e-05
12.78,-1.9996670111648,-1,-4.99999996191996,-1.9997184767582,-1,-3.99999996324431,0,-5.14655934214621e-05
12.8,-1.99967835394606,-1,-4.99999996296252,-1.99972950635199,-1,-3.99999996427081,0,-5.11524059580673e-05
12.82,-1.99968952630072,-1,-4.99999996397807,-1.99974033167379,-1,-3.99999996526866,0,-5.08053730935187e-05
12.84,-1.99970052995722,-1,-4.99999996496742,-1.99975095413265,-1,-3.99999996623872,0,-5.04241754515675e-05
12.86,-1.99971134581383,-1,-4.99999996593026,-1.99976137493446,-1,-3.99999996718172,0,-5.00291206467543e-05
12.88,-1.9997219407159,-1,-4.99999996686554,-1.99977159516126,-1,-3.99999996809832,0,-4.96544453774507e-05
12.9,-1.99973233787922,-1,-4.9999999677751,-1.99978161659749,-1,-3.9999999689893,0,-4.92787182922934e-05
12.92,-1.99974255678524,-1,-4.99999996866055,-1.99979144102361,-1,-3.99999996985539,0,-4.88842383870868e-05
12.94,-1.99975259935874,-1,-4.9999999695226,-1.99980107004745,-1,-3.99999997069731,0,-4.84706887306189e-05
12.96,-1.99976245686027,-1,-4.9999999703614,-1.99981050518446,-1,-3.99999997151572,0,-4.80483242096688e-05
12.98,-1.99977211883497,-1,-4.99999997117699,-1.99981974796202,-1,-3.99999997231126,0,-4.76291270674492e-05
13,-1.99978159769995,-1,-4.99999997197054,-1.99982880020933,-1,-3.99999997308457,0,-4.72025093991262e-05
13.02,-1.99979089940172,-1,-4.99999997274284,-1.99983766371041,-1,-3.99999997383629,0,-4.67643087046134e-05
13.04,-1.999800025066,-1,-4.99999997349448,-1.99984634021775,-1,-3.99999997456702,0,-4.63151517699763e-05
13.06,-1.99980897145121,-1,-4.99999997422578,-1.99985483145753,-1,-3.99999997527735,0,-4.58600063399126e-05
13.08,-1.99981773335023,-1,-4.99999997493698,-1.99986313915661,-1,-3.99999997596783,0,-4.54058063895146e-05
13.1,-1.99982631679394,-1,-4.99999997562884,-1.99987126519993,-1,-3.99999997663902,0,-4.49484060035156e-05
13.12,-1.99983472919079,-1,-4.99999997630212,-1.99987921151486,-1,-3.99999997729146,0,-4.44823240853571e-05
13.14,-1.99984297416957,-1,-4.99999997695743,-1.99988698000149,-1,-3.99999997792568,0,-4.40058319313252e-05
13.16,-1.9998510516467,-1,-4.99999997759517,-1.99989457253306,-1,-3.9999999785422,0,-4.35208863682113e-05
13.18,-1.99985895782626,-1,-4.99999997821558,-1.999901990956,-1,-3.99999997914151,0,-4.30331297533122e-05
13.2,-1.99986668498503,-1,-4.99999997881872,-1.99990923708679,-1,-3.99999997972407,0,-4.25521017753173e-05
13.22,-1.99987423437151,-1,-4.99999997940504,-1.99991631286431,-1,-3.99999998029034,0,-4.20784928206792e-05
13.24,-1.99988162327488,-1,-4.99999997997563,-1.99992322043647,-1,-3.9999999808408,0,-4.15971616004085e-05
13.26,-1.99988886240974,-1,-4.99999998053129,-1.99992996188396,-1,-3.99999998137588,0,-4.10994742279742e-05
13.28,-1.99989595413663,-1,-4.99999998107247,-1.99993653919835,-1,-3.99999998189604,0,-4.0585061728333e-05
13.3,-1.999902892462,-1,-4.99999998159923,-1.99994295428203,-1,-3.99999998240171,0,-4.00618200379293e-05
13.32,-1.99990966303825,-1,-4.99999998211132,-1.99994920894825,-1,-3.99999998289326,0,-3.95459100046949e-05
13.34,-1.99991624688811,-1,-4.99999998260825,-1.99995530496481,-1,-3.99999998337102,0,-3.90580767081348e-05
13.36,-1.999922661953,-1,-4.99999998309108,-1.99996124454362,-1,-3.99999998383539,0,-3.85825906366979e-05
13.38,-1.99992894109323,-1,-4.99999998356142,-1.9999670300794,-1,-3.9999999842868,0,-3.80889861810393e-05
13.4,-1.99993509787338,-1,-4.99999998402007,-1.99997266374357,-1,-3.99999998472567,0,-3.75658701946799e-05
13.42,-1.99994112591275,-1,-4.99999998446707,-1.99997814747649,-1,-3.99999998515237,0,-3.70215637444158e-05
13.44,-1.99994699888534,-1,-4.99999998490163,-1.99998348298744,-1,-3.99999998556718,0,-3.64841021103172e-05
13.46,-1.99995268327111,-1,-4.99999998532269,-1.9999886719041,-1,-3.99999998597028,0,-3.59886329959058e-05
13.48,-1.99995821689257,-1,-4.99999998573197,-1.99999371669383,-1,-3.99999998636208,0,-3.54998012650817e-05
13.5,-1.99996362460527,-1,-4.99999998613063,-1.99999861967343,-1,-3.99999998674296,0,-3.49950681643758e-05
13.52,-1.99996890945917,-1,-4.99999998651903,-2.00000338290255,-1,-3.99999998711323,0,-3.44734433833154e-05
13.54,-1.99997405749267,-1,-4.99999998689687,-2.00000800823978,-1,-3.9999999874732,0,-3.39507471125256e-05
13.56,-1.99997904948321,-1,-4.99999998726368,-2.00001249748019,-1,-3.99999998782306,0,-3.34479969865732e-05
13.58,-1.9999839061309,-1,-4.99999998762041,-2.00001685288526,-1,-3.99999998816315,0,-3.29467543724739e-05
13.6,-1.99998863651471,-1,-4.99999998796757,-2.00002107657761,-1,-3.99999998849374,0,-3.24400629064271e-05
13.62,-1.99999324151149,-1,-4.99999998830538,-2.0000251705785,-1,-3.99999998881511,0,-3.19290670139816e-05
13.64,-1.99999771558623,-1,-4.99999998863386,-2.00002913682875,-1,-3.99999998912751,0,-3.14212425271231e-05
13.66,-2.00000205553392,-1,-4.99999998895309,-2.00003297729065,-1,-3.99999998943116,0,-3.09217567412579e-05
13.68,-2.00000627062543,-1,-4.99999998926355,-2.0000366940687,-1,-3.99999998972634,0,-3.04234432672376e-05
13.7,-2.00001036620141,-1,-4.99999998956558,-2.00004028921475,-1,-3.99999999001327,0,-2.99230133430953e-05
13.72,-2.00001434413452,-1,-4.99999998985941,-2.00004376473129,-1,-3.9999999902922,0,-2.94205967767882e-05
13.74,-2.00001820283065,-1,-4.99999999014516,-2.00004712257145,-1,-3.99999999056333,0,-2.89197408008682e-05
13.76,-2.0000219373158,-1,-4.99999999042284,-2.00005036463979,-1,-3.99999999082689,0,-2.84273239889564e-05
13.78,-2.00002554802586,-1,-4.99999999069263,-2.00005349289526,-1,-3.99999999108309,0,-2.79448694125716e-05
13.8,-2.0000290462833,-1,-4.99999999095501,-2.0000565094182,-1,-3.99999999133212,0,-2.74631349028131e-05
13.82,-2.000032439769,-1,-4.99999999121034,-2.00005941623504,-1,-3.9999999915742,0,-2.69764660362245e-05
13.84,-2.00003573106075,-1,-4.99999999145882,-2.00006221530034,-1,-3.99999999180953,0,-2.64842395974905e-05
13.86,-2.00003891763323,-1,-4.99999999170054,-2.00006490849681,-1,-3.9999999920383,0,-2.59908635794372e-05
13.88,-2.00004199185805,-1,-4.99999999193541,-2.00006749763523,-1,-3.99999999226069,0,-2.55057771830314e-05
13.9,-2.00004494107612,-1,-4.99999999216325,-2.00006998445538,-1,-3.99999999247683,0,-2.50433792596792e-05
13.92,-2.00004777251675,-1,-4.99999999238438,-2.00007237091936,-1,-3.99999999268692,0,-2.45984026114165e-05
13.94,-2.00005051315594,-1,-4.99999999259961,-2.00007465920896,-1,-3.99999999289113,0,-2.41460530192455e-05
13.96,-2.00005317706257,-1,-4.99999999280943,-2.00007685134028,-1,-3.99999999308966,0,-2.36742777082172e-05
13.98,-2.00005576397046,-1,-4.99999999301394,-2.00007894914684,-1,-3.99999999328272,0,-2.31851763793693e-05
14,-2.00005825927839,-1,-4.99999999321289,-2.0000809542796,-1,-3.99999999347043,0,-2.2695001209726e-05
14.02,-2.00006063405014,-1,-4.99999999340567,-2.00008286820699,-1,-3.99999999365285,0,-2.2234156852298e-05
14.04,-2.00006287821789,-1,-4.99999999359215,-2.00008469260426,-1,-3.99999999383008,0,-2.18143863709096e-05
14.06,-2.00006503615254,-1,-4.9999999937735,-2.00008642977059,-1,-3.99999999400234,0,-2.13936180573311e-05
14.08,-2.00006712984237,-1,-4.99999999395035,-2.00008808172711,-1,-3.99999999416984,0,-2.09518847432232e-05
14.1,-2.00006915908929,-1,-4.99999999412279,-2.00008965021889,-1,-3.99999999433273,0,-2.04911295994149e-05
14.12,-2.00007110152765,-1,-4.9999999942904,-2.00009113671514,-1,-3.99999999449111,0,-2.00351874863903e-05
14.14,-2.00007292619761,-1,-4.99999999445258,-2.00009254256822,-1,-3.99999999464498,0,-1.96163706117492e-05
14.16,-2.00007466491253,-1,-4.99999999461012,-2.00009386984978,-1,-3.99999999479454,0,-1.92049372475143e-05
14.18,-2.00007633312333,-1,-4.99999999476344,-2.00009512042334,-1,-3.99999999493992,0,-1.87873000063998e-05
14.2,-2.00007793123375,-1,-4.99999999491263,-2.00009629595895,-1,-3.99999999508126,0,-1.83647251998308e-05
14.22,-2.00007944900788,-1,-4.99999999505757,-2.00009739798478,-1,-3.99999999521866,0,-1.79489769038438e-05
14.24,-2.00008088119791,-1,-4.99999999519825,-2.00009842807011,-1,-3.9999999953522,0,-1.75468722090095e-05
14.26,-2.00008224040933,-1,-4.99999999533499,-2.00009938797639,-1,-3.99999999548201,0,-1.71475670534447e-05
14.28,-2.00008353123406,-1,-4.99999999546795,-2.00010027935354,-1,-3.9999999956082,0,-1.67481194821294e-05
14.3,-2.0000847540453,-1,-4.99999999559721,-2.00010110378404,-1,-3.99999999573087,0,-1.63497387419247e-05
14.32,-2.00008590499954,-1,-4.99999999572278,-2.00010186278288,-1,-3.99999999585011,0,-1.59577833424092e-05
14.34,-2.00008698074076,-1,-4.99999999584469,-2.0001025578526,-1,-3.99999999596601,0,-1.55771118429194e-05
14.36,-2.00008798888155,-1,-4.99999999596313,-2.00010319060668,-1,-3.99999999607868,0,-1.52017251255427e-05
14.38,-2.0000889357751,-1,-4.99999999607828,-2.00010376262574,-1,-3.9999999961882,0,-1.48268506442498e-05
14.4,-2.00008982415539,-1,-4.99999999619024,-2.00010427542933,-1,-3.99999999629466,0,-1.44512739459221e-05
14.42,-2.00009065314059,-1,-4.99999999629907,-2.00010473047595,-1,-3.99999999639816,0,-1.40773353638294e-05
14.44,-2.00009141823305,-1,-4.99999999640477,-2.00010512916307,-1,-3.99999999649876,0,-1.371093001763e-05
14.46,-2.00009211117165,-1,-4.99999999650728,-2.0001054728254,-1,-3.99999999659655,0,-1.33616537503851e-05
14.48,-2.00009273700344,-1,-4.99999999660676,-2.00010576293544,-1,-3.9999999966916,0,-1.3025932007295e-05
14.5,-2.00009331288969,-1,-4.99999999670349,-2.00010600108906,-1,-3.99999999678398,0,-1.26881993646917e-05
14.52,-2.00009384809219,-1,-4.99999999679765,-2.00010618877067,-1,-3.9999999968738,0,-1.23406784791598e-05
14.54,-2.00009434333488,-1,-4.99999999688932,-2.00010632734579,-1,-3.99999999696113,0,-1.19840109079383e-05
14.56,-2.00009479080387,-1,-4.99999999697845,-2.00010641806098,-1,-3.99999999704605,0,-1.16272571089206e-05
14.58,-2.00009517414744,-1,-4.99999999706488,-2.00010646204388,-1,-3.99999999712858,0,-1.1287896440655e-05
14.6,-2.00009548159638,-1,-4.9999999971485,-2.00010646045705,-1,-3.99999999720877,0,-1.09788606683767e-05
14.62,-2.00009574133348,-1,-4.99999999722975,-2.00010641491259,-1,-3.99999999728671,0,-1.06735791125521e-05
14.64,-2.00009596588312,-1,-4.99999999730881,-2.00010632682021,-1,-3.99999999736248,0,-1.03609370927256e-05
14.66,-2.00009615488201,-1,-4.99999999738573,-2.00010619741988,-1,-3.99999999743615,0,-1.00425378745444e-05
14.68,-2.00009629611908,-1,-4.99999999746042,-2.00010602779407,-1,-3.99999999750778,0,-9.73167498579896e-06
14.7,-2.00009638126484,-1,-4.99999999753284,-2.00010581905195,-1,-3.99999999757738,0,-9.43778711112956e-06
14.72,-2.00009642563308,-1,-4.99999999760321,-2.00010557256091,-1,-3.99999999764504,0,-9.14692783687421e-06
14.74,-2.00009643380156,-1,-4.9999999976716,-2.00010528954396,-1,-3.99999999771081,0,-8.8557424035473e-06
14.76,-2.00009640551711,-1,-4.99999999773806,-2.00010497114899,-1,-3.99999999777475,0,-8.56563187545322e-06
14.78,-2.00009633582481,-1,-4.9999999978026,-2.00010461845027,-1,-3.9999999978369,0,-8.28262546063061e-06
14.8,-2.00009622239478,-1,-4.99999999786523,-2.00010423253445,-1,-3.99999999789731,0,-8.01013966993181e-06
14.82,-2.00009607266216,-1,-4.99999999792607,-2.00010381458392,-1,-3.99999999795604,0,-7.74192176373154e-06
14.84,-2.0000958914386,-1,-4.99999999798519,-2.00010336573207,-1,-3.99999999801312,0,-7.47429346805126e-06
14.86,-2.00009568023093,-1,-4.99999999804265,-2.00010288705546,-1,-3.99999999806862,0,-7.20682452262949e-06
14.88,-2.00009543724114,-1,-4.99999999809847,-2.00010237957382,-1,-3.99999999812256,0,-6.94233268092173e-06
14.9,-2.00009515737246,-1,-4.99999999815264,-2.00010184425016,-1,-3.999999998175,0,-6.68687770082659e-06
14.92,-2.00009484067783,-1,-4.99999999820523,-2.00010128208982,-1,-3.99999999822597,0,-6.44141199180084e-06
14.94,-2.00009449507254,-1,-4.9999999982563,-2.00010069417221,-1,-3.99999999827552,0,-6.19909967349665e-06
14.96,-2.00009412355417,-1,-4.99999999830593,-2.00010008150141,-1,-3.99999999832368,0,-5.95794724593108e-06
14.98,-2.00009372613104,-1,-4.99999999835415,-2.00009944502898,-1,-3.9999999983705,0,-5.71889794249175e-06
15,-2.00009329982222,-1,-4.99999999840096,-2.00009878565395,-1,-3.99999999841601,0,-5.48583172993665e-06
